SAMPLE ID		FWD BARCODE	REV BARCODE
670122		AAGAAAGTTGTCGGTGTCTTTGTGATTTCCTTCATACCCTGCGG	TCGATTCCGTTTGTAGTCGTCTGTCTGAACGTCTTCCCGAAATCT
670123		AGAACGACTTCCATACTCGTGTGAATTTCCTTCATACCCTGCGG	TCGATTCCGTTTGTAGTCGTCTGTCTGAACGTCTTCCCGAAATCT
670124		GTAAGTTGGGTATGCAACGCAATGATTTCCTTCATACCCTGCGG	TCGATTCCGTTTGTAGTCGTCTGTCTGAACGTCTTCCCGAAATCT
670125		GCTTGCGATTGATGCTTAGTATCAATTTCCTTCATACCCTGCGG	TCGATTCCGTTTGTAGTCGTCTGTCTGAACGTCTTCCCGAAATCT
670126		ACTGGTGCAGCTTTGAACATCTAGATTTCCTTCATACCCTGCGG	TCGATTCCGTTTGTAGTCGTCTGTCTGAACGTCTTCCCGAAATCT
670127		AGAGGGTACTATGTGCCTCAGCACATTTCCTTCATACCCTGCGG	TCGATTCCGTTTGTAGTCGTCTGTCTGAACGTCTTCCCGAAATCT
670128		AAGAAACAGGATGACAGAACCCTCATTTCCTTCATACCCTGCGG	TCGATTCCGTTTGTAGTCGTCTGTCTGAACGTCTTCCCGAAATCT
670129		AACGGAGGAGTTAGTTGGATGATCATTTCCTTCATACCCTGCGG	TCGATTCCGTTTGTAGTCGTCTGTCTGAACGTCTTCCCGAAATCT
670130		TCGATTCCGTTTGTAGTCGTCTGTATTTCCTTCATACCCTGCGG	TCGATTCCGTTTGTAGTCGTCTGTCTGAACGTCTTCCCGAAATCT
670131		AACGAGTCTCTTGGGACCCATAGAATTTCCTTCATACCCTGCGG	TCGATTCCGTTTGTAGTCGTCTGTCTGAACGTCTTCCCGAAATCT
670132		CATACAGCGACTACGCATTCTCATATTTCCTTCATACCCTGCGG	TCGATTCCGTTTGTAGTCGTCTGTCTGAACGTCTTCCCGAAATCT
670133		ACCACAGGAGGACGATACAGAGAAATTTCCTTCATACCCTGCGG	TCGATTCCGTTTGTAGTCGTCTGTCTGAACGTCTTCCCGAAATCT
670134		ATGGACTTTGGTAACTTCCTGCGTATTTCCTTCATACCCTGCGG	TCGATTCCGTTTGTAGTCGTCTGTCTGAACGTCTTCCCGAAATCT
670135		CACCCACACTTACTTCAGGACGTAATTTCCTTCATACCCTGCGG	TCGATTCCGTTTGTAGTCGTCTGTCTGAACGTCTTCCCGAAATCT
670136		TACAAGCATCCCAACACTTCCACTATTTCCTTCATACCCTGCGG	TCGATTCCGTTTGTAGTCGTCTGTCTGAACGTCTTCCCGAAATCT
670137		AGGTGATCCCAACAAGCGTAAGTAATTTCCTTCATACCCTGCGG	TCGATTCCGTTTGTAGTCGTCTGTCTGAACGTCTTCCCGAAATCT
670138		GAGTCTTGTGTCCCAGTTACCAGGATTTCCTTCATACCCTGCGG	TCGATTCCGTTTGTAGTCGTCTGTCTGAACGTCTTCCCGAAATCT
670139		AGGTCTACCTCGCTAACACCACTGATTTCCTTCATACCCTGCGG	TCGATTCCGTTTGTAGTCGTCTGTCTGAACGTCTTCCCGAAATCT
670140		CGACGGTTAGATTCACCTCTTACAATTTCCTTCATACCCTGCGG	TCGATTCCGTTTGTAGTCGTCTGTCTGAACGTCTTCCCGAAATCT
670141		CCACAGTGTCAACTAGAGCCTCTCATTTCCTTCATACCCTGCGG	TCGATTCCGTTTGTAGTCGTCTGTCTGAACGTCTTCCCGAAATCT
670142		GTTGAATGAGCCTACTGGGTCCTCATTTCCTTCATACCCTGCGG	TCGATTCCGTTTGTAGTCGTCTGTCTGAACGTCTTCCCGAAATCT
670143		TTCTGAAGTTCCTGGGTCTTGAACATTTCCTTCATACCCTGCGG	TCGATTCCGTTTGTAGTCGTCTGTCTGAACGTCTTCCCGAAATCT
670152		GACCATTGTGATGAACCCTGTTGTATTTCCTTCATACCCTGCGG	TCGATTCCGTTTGTAGTCGTCTGTCTGAACGTCTTCCCGAAATCT
670145		TACATGCTCCTGTTGTTAGGGAGGATTTCCTTCATACCCTGCGG	TCGATTCCGTTTGTAGTCGTCTGTCTGAACGTCTTCCCGAAATCT
670146		TTCGGATTCTATCGTGTTTCCCTAATTTCCTTCATACCCTGCGG	TCGATTCCGTTTGTAGTCGTCTGTCTGAACGTCTTCCCGAAATCT
670147		CGTCAACTGACAGTGGTTCGTACTATTTCCTTCATACCCTGCGG	TCGATTCCGTTTGTAGTCGTCTGTCTGAACGTCTTCCCGAAATCT
670148		TGAAACCTAAGAAGGCACCGTATCATTTCCTTCATACCCTGCGG	TCGATTCCGTTTGTAGTCGTCTGTCTGAACGTCTTCCCGAAATCT
670149		TAGTTTGGATGACCAAGGATAGCCATTTCCTTCATACCCTGCGG	TCGATTCCGTTTGTAGTCGTCTGTCTGAACGTCTTCCCGAAATCT
670150		TGAGAGACAAGATTGTTCGTGGACATTTCCTTCATACCCTGCGG	TCGATTCCGTTTGTAGTCGTCTGTCTGAACGTCTTCCCGAAATCT
670152		GACAGACACCGTTCATCGACTTTCATTTCCTTCATACCCTGCGG	TCGATTCCGTTTGTAGTCGTCTGTCTGAACGTCTTCCCGAAATCT
670144		ATGCTTGTTACATCAACCCTGGACATTTCCTTCATACCCTGCGG	TCGATTCCGTTTGTAGTCGTCTGTCTGAACGTCTTCCCGAAATCT
670153		TCTTCTACTACCGATCCGAAGCAGATTTCCTTCATACCCTGCGG	TCGATTCCGTTTGTAGTCGTCTGTCTGAACGTCTTCCCGAAATCT
670154		CTTGTCCAGGGTTTGTGTAACCTTATTTCCTTCATACCCTGCGG	TCGATTCCGTTTGTAGTCGTCTGTCTGAACGTCTTCCCGAAATCT
670155		ACCCTCCAGGAAAGTACCTCTGATATTTCCTTCATACCCTGCGG	TCGATTCCGTTTGTAGTCGTCTGTCTGAACGTCTTCCCGAAATCT
670156		CTAGACACCTTGGGTTGACAGACCATTTCCTTCATACCCTGCGG	TCGATTCCGTTTGTAGTCGTCTGTCTGAACGTCTTCCCGAAATCT
670157		GGAGTTCGTCCAGAGAAGTACACGATTTCCTTCATACCCTGCGG	TCGATTCCGTTTGTAGTCGTCTGTCTGAACGTCTTCCCGAAATCT
670158		AGATTCAGACCGTCTCATGCAAAGATTTCCTTCATACCCTGCGG	TCGATTCCGTTTGTAGTCGTCTGTCTGAACGTCTTCCCGAAATCT
670159		TTCTCAGTCTTCCTCCAGACAAGGATTTCCTTCATACCCTGCGG	TCGATTCCGTTTGTAGTCGTCTGTCTGAACGTCTTCCCGAAATCT
670160		CGACCTGTTTCTCAGGGATACAACATTTCCTTCATACCCTGCGG	TCGATTCCGTTTGTAGTCGTCTGTCTGAACGTCTTCCCGAAATCT
670161		ACAGCATCAATGTTTGGCTAGTTGATTTCCTTCATACCCTGCGG	TCGATTCCGTTTGTAGTCGTCTGTCTGAACGTCTTCCCGAAATCT
670162		TTCTCGCAAAGGCAGAAAGTAGTCATTTCCTTCATACCCTGCGG	TCGATTCCGTTTGTAGTCGTCTGTCTGAACGTCTTCCCGAAATCT
670163		CCAAACCCAACAACCTAGATAGGCATTTCCTTCATACCCTGCGG	TCGATTCCGTTTGTAGTCGTCTGTCTGAACGTCTTCCCGAAATCT
670164		TCAGTGAGGATCTACTTCGACCCAATTTCCTTCATACCCTGCGG	TCGATTCCGTTTGTAGTCGTCTGTCTGAACGTCTTCCCGAAATCT
670165		CTACGTGTAAGGCATACCTGCCAGATTTCCTTCATACCCTGCGG	TCGATTCCGTTTGTAGTCGTCTGTCTGAACGTCTTCCCGAAATCT
670166		CAAGAGCTTTGACTAAGGAGCATGATTTCCTTCATACCCTGCGG	TCGATTCCGTTTGTAGTCGTCTGTCTGAACGTCTTCCCGAAATCT
670167		CCGATCCTTGTGGCTTCTAACTTCATTTCCTTCATACCCTGCGG	TCGATTCCGTTTGTAGTCGTCTGTCTGAACGTCTTCCCGAAATCT
670168		AACAACCGAACCTTTGAATCAGAAATTTCCTTCATACCCTGCGG	TCGATTCCGTTTGTAGTCGTCTGTCTGAACGTCTTCCCGAAATCT
670159		GATGTAGAGGGTACGGTTTGAGGCATTTCCTTCATACCCTGCGG	TCGATTCCGTTTGTAGTCGTCTGTCTGAACGTCTTCCCGAAATCT
670170		GTGTTACCGTGGGAATGAATCCTTATTTCCTTCATACCCTGCGG	TCGATTCCGTTTGTAGTCGTCTGTCTGAACGTCTTCCCGAAATCT
670171		GTTCCTCGTGCAGTGTCAAGAGATATTTCCTTCATACCCTGCGG	TCGATTCCGTTTGTAGTCGTCTGTCTGAACGTCTTCCCGAAATCT
670172		TGCGTACAGCAATCAGTTACATTGATTTCCTTCATACCCTGCGG	TCGATTCCGTTTGTAGTCGTCTGTCTGAACGTCTTCCCGAAATCT
670173		CTTTCGTTGTTGACTCGACGGTAGATTTCCTTCATACCCTGCGG	TCGATTCCGTTTGTAGTCGTCTGTCTGAACGTCTTCCCGAAATCT
670174		TGGAAGATGAGACCCTGATCTACGATTTCCTTCATACCCTGCGG	TCGATTCCGTTTGTAGTCGTCTGTCTGAACGTCTTCCCGAAATCT
670175		GTTTGTCATACTCGTGTGCTCACCATTTCCTTCATACCCTGCGG	TCGATTCCGTTTGTAGTCGTCTGTCTGAACGTCTTCCCGAAATCT
670176		TCTCGGAGATAGTTCTCACTGCTGATTTCCTTCATACCCTGCGG	TCGATTCCGTTTGTAGTCGTCTGTCTGAACGTCTTCCCGAAATCT
670177		GGCTCCATAGGAACTCACGCTACTATTTCCTTCATACCCTGCGG	TCGATTCCGTTTGTAGTCGTCTGTCTGAACGTCTTCCCGAAATCT
670178		TTCAGGGAACAAACCAAGTTACGTATTTCCTTCATACCCTGCGG	TCGATTCCGTTTGTAGTCGTCTGTCTGAACGTCTTCCCGAAATCT
670179		TTGCGTCCTGTTACGAGAACTCATATTTCCTTCATACCCTGCGG	TCGATTCCGTTTGTAGTCGTCTGTCTGAACGTCTTCCCGAAATCT
670180		CCAGTAGAAGTCCGACAACGTCATATTTCCTTCATACCCTGCGG	TCGATTCCGTTTGTAGTCGTCTGTCTGAACGTCTTCCCGAAATCT
670181		AGTAGAAAGGGTTCCTTCCCACTCATTTCCTTCATACCCTGCGG	TCGATTCCGTTTGTAGTCGTCTGTCTGAACGTCTTCCCGAAATCT
670182		TCACTACTCAACAGGTGGCATGAAATTTCCTTCATACCCTGCGG	TCGATTCCGTTTGTAGTCGTCTGTCTGAACGTCTTCCCGAAATCT
670183		GAATCTAAGCAAACACGAAGGTGGATTTCCTTCATACCCTGCGG	TCGATTCCGTTTGTAGTCGTCTGTCTGAACGTCTTCCCGAAATCT
670184		CGGATGAACATAGGATAGCGATTCATTTCCTTCATACCCTGCGG	TCGATTCCGTTTGTAGTCGTCTGTCTGAACGTCTTCCCGAAATCT
670185		TTGTGAGTGGAAAGATACAGGACCATTTCCTTCATACCCTGCGG	TCGATTCCGTTTGTAGTCGTCTGTCTGAACGTCTTCCCGAAATCT
670190		AACTAGGCACAGCGAGTCTTGGTTATTTCCTTCATACCCTGCGG	TCGATTCCGTTTGTAGTCGTCTGTCTGAACGTCTTCCCGAAATCT
670191		GAGCCTCTCATTGTCCGTTCTCTAATTTCCTTCATACCCTGCGG	TCGATTCCGTTTGTAGTCGTCTGTCTGAACGTCTTCCCGAAATCT
670192		CAGACTTGGTACGGTTGGGTAACTATTTCCTTCATACCCTGCGG	TCGATTCCGTTTGTAGTCGTCTGTCTGAACGTCTTCCCGAAATCT
670193		GATCCAACAGAGATGCCTTCAGTGATTTCCTTCATACCCTGCGG	TCGATTCCGTTTGTAGTCGTCTGTCTGAACGTCTTCCCGAAATCT
670194		GCTAGGTCAATCTCCTTCGGAAGTATTTCCTTCATACCCTGCGG	TCGATTCCGTTTGTAGTCGTCTGTCTGAACGTCTTCCCGAAATCT
670195		TACAGTCCGAGCCTCATGTGATCTATTTCCTTCATACCCTGCGG	TCGATTCCGTTTGTAGTCGTCTGTCTGAACGTCTTCCCGAAATCT
670196		CCTCATCTTGTGAAGTTGTTTCGGATTTCCTTCATACCCTGCGG	TCGATTCCGTTTGTAGTCGTCTGTCTGAACGTCTTCCCGAAATCT
670197		AGTTTCCATCACTTCAGACTTGGGATTTCCTTCATACCCTGCGG	TCGATTCCGTTTGTAGTCGTCTGTCTGAACGTCTTCCCGAAATCT
A10		AAGCGTTGAAACCTTTGTCCTCTCATTTCCTTCATACCCTGCGG	TCGATTCCGTTTGTAGTCGTCTGTCTGAACGTCTTCCCGAAATCT
B10		ACCACTGCCATGTATCAAAGTACGATTTCCTTCATACCCTGCGG	TCGATTCCGTTTGTAGTCGTCTGTCTGAACGTCTTCCCGAAATCT
C10		GGACGAAGAACTCAAGTCAAAGGCATTTCCTTCATACCCTGCGG	TCGATTCCGTTTGTAGTCGTCTGTCTGAACGTCTTCCCGAAATCT
D10		GCTGTGTTCCACTTCATTCTCCTGATTTCCTTCATACCCTGCGG	TCGATTCCGTTTGTAGTCGTCTGTCTGAACGTCTTCCCGAAATCT
E10		CAGGTTACTCCTCCGTGAGTCTGAATTTCCTTCATACCCTGCGG	TCGATTCCGTTTGTAGTCGTCTGTCTGAACGTCTTCCCGAAATCT
F10		ACCGAGATCCTACGAATGGAGTGTATTTCCTTCATACCCTGCGG	TCGATTCCGTTTGTAGTCGTCTGTCTGAACGTCTTCCCGAAATCT
G10		ACGGTATGTCGAGTTCCAGGACTAATTTCCTTCATACCCTGCGG	TCGATTCCGTTTGTAGTCGTCTGTCTGAACGTCTTCCCGAAATCT
H10		GATTGTCCTCAAACTGCCACCTACATTTCCTTCATACCCTGCGG	TCGATTCCGTTTGTAGTCGTCTGTCTGAACGTCTTCCCGAAATCT
A11		GTTTCATCTATCGGAGGGAATGGAATTTCCTTCATACCCTGCGG	TCGATTCCGTTTGTAGTCGTCTGTCTGAACGTCTTCCCGAAATCT
B11		CTTACTACCCAGTGAACCTCCTCGATTTCCTTCATACCCTGCGG	TCGATTCCGTTTGTAGTCGTCTGTCTGAACGTCTTCCCGAAATCT
C11		CTACTTACGAAGCTGAGGGACTGCATTTCCTTCATACCCTGCGG	TCGATTCCGTTTGTAGTCGTCTGTCTGAACGTCTTCCCGAAATCT
D11		GTGCAACTTTCCCACAGGTAGTTCATTTCCTTCATACCCTGCGG	TCGATTCCGTTTGTAGTCGTCTGTCTGAACGTCTTCCCGAAATCT
E11		TCAATCAAGAAGGGAAAGCAAGGTATTTCCTTCATACCCTGCGG	TCGATTCCGTTTGTAGTCGTCTGTCTGAACGTCTTCCCGAAATCT
F11		CCTGGGAGCATCAGGTAGTAACAGATTTCCTTCATACCCTGCGG	TCGATTCCGTTTGTAGTCGTCTGTCTGAACGTCTTCCCGAAATCT
G11		TGGCTTGATCTAGGTAAGGTCGAAATTTCCTTCATACCCTGCGG	TCGATTCCGTTTGTAGTCGTCTGTCTGAACGTCTTCCCGAAATCT
H11		CCTGTCTGGAAGAAGAATGGACTTATTTCCTTCATACCCTGCGG	TCGATTCCGTTTGTAGTCGTCTGTCTGAACGTCTTCCCGAAATCT
A12		CAGGTAGAAAGAAGCAGAATCGGAATTTCCTTCATACCCTGCGG	TCGATTCCGTTTGTAGTCGTCTGTCTGAACGTCTTCCCGAAATCT
B12		GCATAGTTCTGCATGATGGGTTAGATTTCCTTCATACCCTGCGG	TCGATTCCGTTTGTAGTCGTCTGTCTGAACGTCTTCCCGAAATCT
C12		ATGTCCCAGTTAGAGGAGGAAACAATTTCCTTCATACCCTGCGG	TCGATTCCGTTTGTAGTCGTCTGTCTGAACGTCTTCCCGAAATCT
D12		CATCTGGAACGTGGTACACCTGTAATTTCCTTCATACCCTGCGG	TCGATTCCGTTTGTAGTCGTCTGTCTGAACGTCTTCCCGAAATCT
E12		CATGTTCAACCAAGGCTTCTATGGATTTCCTTCATACCCTGCGG	TCGATTCCGTTTGTAGTCGTCTGTCTGAACGTCTTCCCGAAATCT
F12		TAGCTGACTGTCTTCCATACCGACATTTCCTTCATACCCTGCGG	TCGATTCCGTTTGTAGTCGTCTGTCTGAACGTCTTCCCGAAATCT
G12		GTAGTGGACCTAGAACCTGTGCCAATTTCCTTCATACCCTGCGG	TCGATTCCGTTTGTAGTCGTCTGTCTGAACGTCTTCCCGAAATCT
H12		CTGAACGGTCATAGAGTCCACCATATTTCCTTCATACCCTGCGG	TCGATTCCGTTTGTAGTCGTCTGTCTGAACGTCTTCCCGAAATCT

