id,sequence,length
BC01,AAGAAAGTTGTCGGTGTCTTTGTG,24
BC02,TCGATTCCGTTTGTAGTCGTCTGT,24
BC03,GAGTCTTGTGTCCCAGTTACCAGG,24
BC04,TTCGGATTCTATCGTGTTTCCCTA,24
BC05,CTTGTCCAGGGTTTGTGTAACCTT,24
BC06,TTCTCGCAAAGGCAGAAAGTAGTC,24
BC07,GTGTTACCGTGGGAATGAATCCTT,24
BC08,TTCAGGGAACAAACCAAGTTACGT,24
BC09,AACTAGGCACAGCGAGTCTTGGTT,24
BC10,AAGCGTTGAAACCTTTGTCCTCTC,24
BC11,GTTTCATCTATCGGAGGGAATGGA,24
BC12,CAGGTAGAAAGAAGCAGAATCGGA,24
BC12A,GTTGAGTTACAAAGCACCGATCAG,24
BC13,AGAACGACTTCCATACTCGTGTGA,24
BC14,AACGAGTCTCTTGGGACCCATAGA,24
BC15,AGGTCTACCTCGCTAACACCACTG,24
BC16,CGTCAACTGACAGTGGTTCGTACT,24
BC17,ACCCTCCAGGAAAGTACCTCTGAT,24
BC18,CCAAACCCAACAACCTAGATAGGC,24
BC19,GTTCCTCGTGCAGTGTCAAGAGAT,24
BC20,TTGCGTCCTGTTACGAGAACTCAT,24
BC21,GAGCCTCTCATTGTCCGTTCTCTA,24
BC22,ACCACTGCCATGTATCAAAGTACG,24
BC23,CTTACTACCCAGTGAACCTCCTCG,24
BC24,GCATAGTTCTGCATGATGGGTTAG,24
BC25,GTAAGTTGGGTATGCAACGCAATG,24
BC26,CATACAGCGACTACGCATTCTCAT,24
BC27,CGACGGTTAGATTCACCTCTTACA,24
BC28,TGAAACCTAAGAAGGCACCGTATC,24
BC29,CTAGACACCTTGGGTTGACAGACC,24
BC30,TCAGTGAGGATCTACTTCGACCCA,24
BC31,TGCGTACAGCAATCAGTTACATTG,24
BC32,CCAGTAGAAGTCCGACAACGTCAT,24
BC33,CAGACTTGGTACGGTTGGGTAACT,24
BC34,GGACGAAGAACTCAAGTCAAAGGC,24
BC35,CTACTTACGAAGCTGAGGGACTGC,24
BC36,ATGTCCCAGTTAGAGGAGGAAACA,24
BC37,GCTTGCGATTGATGCTTAGTATCA,24
BC38,ACCACAGGAGGACGATACAGAGAA,24
BC39,CCACAGTGTCAACTAGAGCCTCTC,24
BC40,TAGTTTGGATGACCAAGGATAGCC,24
BC41,GGAGTTCGTCCAGAGAAGTACACG,24
BC42,CTACGTGTAAGGCATACCTGCCAG,24
BC43,CTTTCGTTGTTGACTCGACGGTAG,24
BC44,AGTAGAAAGGGTTCCTTCCCACTC,24
BC45,GATCCAACAGAGATGCCTTCAGTG,24
BC46,GCTGTGTTCCACTTCATTCTCCTG,24
BC47,GTGCAACTTTCCCACAGGTAGTTC,24
BC48,CATCTGGAACGTGGTACACCTGTA,24
BC49,ACTGGTGCAGCTTTGAACATCTAG,24
BC50,ATGGACTTTGGTAACTTCCTGCGT,24
BC51,GTTGAATGAGCCTACTGGGTCCTC,24
BC52,TGAGAGACAAGATTGTTCGTGGAC,24
BC53,AGATTCAGACCGTCTCATGCAAAG,24
BC54,CAAGAGCTTTGACTAAGGAGCATG,24
BC55,TGGAAGATGAGACCCTGATCTACG,24
BC56,TCACTACTCAACAGGTGGCATGAA,24
BC57,GCTAGGTCAATCTCCTTCGGAAGT,24
BC58,CAGGTTACTCCTCCGTGAGTCTGA,24
BC59,TCAATCAAGAAGGGAAAGCAAGGT,24
BC60,CATGTTCAACCAAGGCTTCTATGG,24
BC61,AGAGGGTACTATGTGCCTCAGCAC,24
BC62,CACCCACACTTACTTCAGGACGTA,24
BC63,TTCTGAAGTTCCTGGGTCTTGAAC,24
BC64,GACAGACACCGTTCATCGACTTTC,24
BC65,TTCTCAGTCTTCCTCCAGACAAGG,24
BC66,CCGATCCTTGTGGCTTCTAACTTC,24
BC67,GTTTGTCATACTCGTGTGCTCACC,24
BC68,GAATCTAAGCAAACACGAAGGTGG,24
BC69,TACAGTCCGAGCCTCATGTGATCT,24
BC70,ACCGAGATCCTACGAATGGAGTGT,24
BC71,CCTGGGAGCATCAGGTAGTAACAG,24
BC72,TAGCTGACTGTCTTCCATACCGAC,24
BC73,AAGAAACAGGATGACAGAACCCTC,24
BC74,TACAAGCATCCCAACACTTCCACT,24
BC75,GACCATTGTGATGAACCCTGTTGT,24
BC76,ATGCTTGTTACATCAACCCTGGAC,24
BC77,CGACCTGTTTCTCAGGGATACAAC,24
BC78,AACAACCGAACCTTTGAATCAGAA,24
BC79,TCTCGGAGATAGTTCTCACTGCTG,24
BC80,CGGATGAACATAGGATAGCGATTC,24
BC81,CCTCATCTTGTGAAGTTGTTTCGG,24
BC82,ACGGTATGTCGAGTTCCAGGACTA,24
BC83,TGGCTTGATCTAGGTAAGGTCGAA,24
BC84,GTAGTGGACCTAGAACCTGTGCCA,24
BC85,AACGGAGGAGTTAGTTGGATGATC,24
BC86,AGGTGATCCCAACAAGCGTAAGTA,24
BC87,TACATGCTCCTGTTGTTAGGGAGG,24
BC88,TCTTCTACTACCGATCCGAAGCAG,24
BC89,ACAGCATCAATGTTTGGCTAGTTG,24
BC90,GATGTAGAGGGTACGGTTTGAGGC,24
BC91,GGCTCCATAGGAACTCACGCTACT,24
BC92,TTGTGAGTGGAAAGATACAGGACC,24
BC93,AGTTTCCATCACTTCAGACTTGGG,24
BC94,GATTGTCCTCAAACTGCCACCTAC,24
BC95,CCTGTCTGGAAGAAGAATGGACTT,24
BC96,CTGAACGGTCATAGAGTCCACCAT,24
