ID	Sequence
T1_QS2_004_BC26	AGATTTCGGGAAGACGTTCAGAACTTCGTTGTAACCCGTGTTGCTCAGTACCAGATCACCGACCTGGATGTTGGAAATTTCCTTCATACCCTGCGGGGTCTGAACCTGGGTTTTCAGATCCAAGCAGTAACCAGATTCACCTGAATCAGGATATTCTTCTAATACCTGGAATGCTGTTTTCCCGGGGATCGCAGTGGTGAGTAACCATGCATCATCAGGAGTACGGATAAAATGCTTGATGGTCGGAAGAGGCATAAATTCCGTCAGCCAGTTTAGTCTGACCATCTCATCTGTAACATCATTGGCAACGCTACCTTTGCCATGTTTCAGAAACAACTCTGGCGCATCGGGCTTCCCATACAATCGATAGATTGTCGCACCTGATTGCCCGACATTATCGCGAGCCCATTTATACCCATATAAATCAGCATCCATGTTGGAATTTAATCGCGGCCTAGAGCAAGACGTTTCCCGTTGAATATGGCTCATTTTAGCTTCCTTAGCTCCTGAAAATCTCGATAACTCAAAAAATACGCCCGGTAGTGATCTTATTTCATTATGGTGAAAGTTGGAACCTCTTACGTGCCGATCAACGTCTCATTTTCGCCAAAAGTTGGCCATGTCAGTGGTCACTTACGTACTCTTTCGGTGCCCTGTAATCTATCTGTCAGTCAAGATACCCAACTCACTCGTTGTCTCCAGGGAGGTCCACTCCCCTCGTCACTATACCAAACAAGCGTGTGCGATAAGCCAGTCAGTCAGGAGCTTCGGGCCTAACTAACTACTAGTCCATACAGCGACTACGCATTCTCATTGACAATCCGCCGGTCTTCGTGTTCAGCACAGTCTAGCTTTCGACGTAACGTAAAGCGGTTCCTAGGAGGGTCAGCCGTTAAGTGTTCCTGTGTCACTCAAAATTGCTTTGAGAGGCTCTAAGGGCTTCTCAGTGCGTTACATCCCTGGCTTGTTGTCCACAACCGTTAAACCTTAAAAGCTTTAAAAGCCTTATATATTCTTTTTTTTCTTATAAAACTTAAAACCTTAGAGGCTATTTAAGTTGCTGATTTATATTAATTTTATTGTTCAAACATGAGAGCTTAGTACGTTAGCCATGAGGGTTTAGTTCGTTAAACATGAGAGCTTAGTACGTTAAACATGAGAGCTTAGTACGTGAAACATGAGAGCTTAGTACGTGAAACATGAGAGCTTAGTACGTACTATCAACAGGTTGAACTGCTGATCTTCAGATCCGTCCCGGTAAACCAGCAATAGACATAAGCGGCAGTCTTAAACGCGCCCTGTAGCGGCGCATTAAGCGCGGCGGGTGTGGTGGTTACGCGCAGCGTGACCGCTACACTTGCCAGCGCCCTAGCGCCCGCTCCTTTCGCTTTCTTCCCTTCCTTTCTCGCCACGTTCGCCGGCTTTCCCCGTCAAGCTCTAAATCGGGGGCTCCCTTTAGGGTTCCGATTTAGTGCTTTACGGCACCTCGACCCCAAAAAACTTGATTTGGGTGATGGTTCACGTAGTGGGCCATCGCCCTGATAGACGGTTTTTCGCCCTTTGACGTTGGAGTCCACGTTCTTTAATAGTGGACTCTTGTTCCAAACTGGAACAACACTCAAACCTATCTCGGGCTATTCTTTTGATTTATAAGGGATTTTGCCGATTTCGGCCTATTGGTTAAAAAATGAGCTGATTTAACAAAAATTTAACGCGAATTTTAACAAAATATTAACGTTTACAATTTGCTTTTGACTTGGCACCAATAACTGCCTTAAAAAAATTATTCTTTAACATACAGACACATACCTTCTTTCAGACCACCGGAGATGTTCATTTCACCAGTCTGCGTCGGAAACAGGTGTTCTTCGGAACAGATGATTTCCTTGCCATCTTCCAGGGTGATTTTGTAAGACTTTTTTTT
T1_QS2_004_BC46	AGATTTCGGGAAGACGTTCAGAACTTCGTTGTAACCCGTGTTGCTCAGTACCAGATCACCGACCTGGATGTTGGAAATTTCCTTCATACCCTGCGGGGTCTGAACCTGGGTTTTCAGATCCAAGCAGTAACCAGATTCACCTGAATCAGGATATTCTTCTAATACCTGGAATGCTGTTTTCCCGGGGATCGCAGTGGTGAGTAACCATGCATCATCAGGAGTACGGATAAAATGCTTGATGGTCGGAAGAGGCATAAATTCCGTCAGCCAGTTTAGTCTGACCATCTCATCTGTAACATCATTGGCAACGCTACCTTTGCCATGTTTCAGAAACAACTCTGGCGCATCGGGCTTCCCATACAATCGATAGATTGTCGCACCTGATTGCCCGACATTATCGCGAGCCCATTTATACCCATATAAATCAGCATCCATGTTGGAATTTAATCGCGGCCTAGAGCAAGACGTTTCCCGTTGAATATGGCTCATTTTAGCTTCCTTAGCTCCTGAAAATCTCGATAACTCAAAAAATACGCCCGGTAGTGATCTTATTTCATTATGGTGAAAGTTGGAACCTCTTACGTGCCGATCAACGTCTCATTTTCGCCAAAAGTTGGCCATGTCAGTGGTCACTTACGTACTCTTTCGGTGCCCTGTAATCTATCTGTCAGTCAAGATACCCAACTCACTCGTTGTCTCCAGGGAGGTCCACTCCCCTCGTCACTATACCAAACAAGCGTGTGCGATAAGCCAGTCAGTCAGGAGCTTCGGGCCTAACTAACTACTAGTCGCTGTGTTCCACTTCATTCTCCTGTGACAATCCGCCGGTCTTCGTGTTCAGCACAGTCTAGCTTTCGACGTAACGTAAAGCGGTTCCTAGGAGGGTCAGCCGTTAAGTGTTCCTGTGTCACTCAAAATTGCTTTGAGAGGCTCTAAGGGCTTCTCAGTGCGTTACATCCCTGGCTTGTTGTCCACAACCGTTAAACCTTAAAAGCTTTAAAAGCCTTATATATTCTTTTTTTTCTTATAAAACTTAAAACCTTAGAGGCTATTTAAGTTGCTGATTTATATTAATTTTATTGTTCAAACATGAGAGCTTAGTACGTTAGCCATGAGGGTTTAGTTCGTTAAACATGAGAGCTTAGTACGTTAAACATGAGAGCTTAGTACGTGAAACATGAGAGCTTAGTACGTGAAACATGAGAGCTTAGTACGTACTATCAACAGGTTGAACTGCTGATCTTCAGATCCGTCCCGGTAAACCAGCAATAGACATAAGCGGCAGTCTTAAACGCGCCCTGTAGCGGCGCATTAAGCGCGGCGGGTGTGGTGGTTACGCGCAGCGTGACCGCTACACTTGCCAGCGCCCTAGCGCCCGCTCCTTTCGCTTTCTTCCCTTCCTTTCTCGCCACGTTCGCCGGCTTTCCCCGTCAAGCTCTAAATCGGGGGCTCCCTTTAGGGTTCCGATTTAGTGCTTTACGGCACCTCGACCCCAAAAAACTTGATTTGGGTGATGGTTCACGTAGTGGGCCATCGCCCTGATAGACGGTTTTTCGCCCTTTGACGTTGGAGTCCACGTTCTTTAATAGTGGACTCTTGTTCCAAACTGGAACAACACTCAAACCTATCTCGGGCTATTCTTTTGATTTATAAGGGATTTTGCCGATTTCGGCCTATTGGTTAAAAAATGAGCTGATTTAACAAAAATTTAACGCGAATTTTAACAAAATATTAACGTTTACAATTTGCTTTTGACTTGGCACCAATAACTGCCTTAAAAAAATTATTCTTTAACATACAGACACATACCTTCTTTCAGACCACCGGAGATGTTCATTTCACCAGTCTGCGTCGGAAACAGGTGTTCTTCGGAACAGATGATTTCCTTGCCATCTTCCAGGGTGATTTTGTAAGACTTTTTTTT
T1_QS2_004_BC66	TGTTCCTGTGTCACTCAAAATTGCTTTGAGAGGCTCTAAGGGCTTCTCAGTGCGTTACATCCCTGGCTTGTTGTCCACAACCGTTAAACCTTAAAAGCTTTAAAAGCCTTATATATTCTTTTTTTTCTTATAAAACTTAAAACCTTAGAGGCTATTTAAGTTGCTGATTTATATTAATTTTATTGTTCAAACATGAGAGCTTAGTACGTTAGCCATGAGGGTTTAGTTCGTTAAACATGAGAGCTTAGTACGTTAAACATGAGAGCTTAGTACGTGAAACATGAGAGCTTAGTACGTGAAACATGAGAGCTTAGTACGTACTATCAACAGGTTGAACTGCTGATCTTCAGATCCGTCCCGGTAAACCAGCAATAGACATAAGCGGCAGTCTTAAACGCGCCCTGTAGCGGCGCATTAAGCGCGGCGGGTGTGGTGGTTACGCGCAGCGTGACCGCTACACTTGCCAGCGCCCTAGCGCCCGCTCCTTTCGCTTTCTTCCCTTCCTTTCTCGCCACGTTCGCCGGCTTTCCCCGTCAAGCTCTAAATCGGGGGCTCCCTTTAGGGTTCCGATTTAGTGCTTTACGGCACCTCGACCCCAAAAAACTTGATTTGGGTGATGGTTCACGTAGTGGGCCATCGCCCTGATAGACGGTTTTTCGCCCTTTGACGTTGGAGTCCACGTTCTTTAATAGTGGACTCTTGTTCCAAACTGGAACAACACTCAAACCTATCTCGGGCTATTCTTTTGATTTATAAGGGATTTTGCCGATTTCGGCCTATTGGTTAAAAAATGAGCTGATTTAACAAAAATTTAACGCGAATTTTAACAAAATATTAACGTTTACAATTTGCTTTTGACTTGGCACCAATAACTGCCTTAAAAAAATTATTCTTTAACATACAGACACATACCTTCTTTCAGACCACCGGAGATGTTCATTTCACCAGTCTGCGTCGGAAACAGGTGTTCTTCGGAACAGATGATTTCCTTGCCATCTTCCAGGGTGATTTTGTAAGACTTTTTTTTAGATTTCGGGAAGACGTTCAGAACTTCGTTGTAACCCGTGTTGCTCAGTACCAGATCACCGACCTGGATGTTGGAAATTTCCTTCATACCCTGCGGGGTCTGAACCTGGGTTTTCAGATCCAAGCAGTAACCAGATTCACCTGAATCAGGATATTCTTCTAATACCTGGAATGCTGTTTTCCCGGGGATCGCAGTGGTGAGTAACCATGCATCATCAGGAGTACGGATAAAATGCTTGATGGTCGGAAGAGGCATAAATTCCGTCAGCCAGTTTAGTCTGACCATCTCATCTGTAACATCATTGGCAACGCTACCTTTGCCATGTTTCAGAAACAACTCTGGCGCATCGGGCTTCCCATACAATCGATAGATTGTCGCACCTGATTGCCCGACATTATCGCGAGCCCATTTATACCCATATAAATCAGCATCCATGTTGGAATTTAATCGCGGCCTAGAGCAAGACGTTTCCCGTTGAATATGGCTCATTTTAGCTTCCTTAGCTCCTGAAAATCTCGATAACTCAAAAAATACGCCCGGTAGTGATCTTATTTCATTATGGTGAAAGTTGGAACCTCTTACGTGCCGATCAACGTCTCATTTTCGCCAAAAGTTGGCCATGTCAGTGGTCACTTACGTACTCTTTCGGTGCCCTGTAATCTATCTGTCAGTCAAGATACCCAACTCACTCGTTGTCTCCAGGGAGGTCCACTCCCCTCGTCACTATACCAAACAAGCGTGTGCGATAAGCCAGTCAGTCAGGAGCTTCGGGCCTAACTAACTACTAGTCCCGATCCTTGTGGCTTCTAACTTCTGACAATCCGCCGGTCTTCGTGTTCAGCACAGTCTAGCTTTCGACGTAACGTAAAGCGGTTCCTAGGAGGGTCAGCCGTTAAG
T1_QS2_004_BC71	AGATTTCGGGAAGACGTTCAGAACTTCGTTGTAACCCGTGTTGCTCAGTACCAGATCACCGACCTGGATGTTGGAAATTTCCTTCATACCCTGCGGGGTCTGAACCTGGGTTTTCAGATCCAAGCAGTAACCAGATTCACCTGAATCAGGATATTCTTCTAATACCTGGAATGCTGTTTTCCCGGGGATCGCAGTGGTGAGTAACCATGCATCATCAGGAGTACGGATAAAATGCTTGATGGTCGGAAGAGGCATAAATTCCGTCAGCCAGTTTAGTCTGACCATCTCATCTGTAACATCATTGGCAACGCTACCTTTGCCATGTTTCAGAAACAACTCTGGCGCATCGGGCTTCCCATACAATCGATAGATTGTCGCACCTGATTGCCCGACATTATCGCGAGCCCATTTATACCCATATAAATCAGCATCCATGTTGGAATTTAATCGCGGCCTAGAGCAAGACGTTTCCCGTTGAATATGGCTCATTTTAGCTTCCTTAGCTCCTGAAAATCTCGATAACTCAAAAAATACGCCCGGTAGTGATCTTATTTCATTATGGTGAAAGTTGGAACCTCTTACGTGCCGATCAACGTCTCATTTTCGCCAAAAGTTGGCCATGTCAGTGGTCACTTACGTACTCTTTCGGTGCCCTGTAATCTATCTGTCAGTCAAGATACCCAACTCACTCGTTGTCTCCAGGGAGGTCCACTCCCCTCGTCACTATACCAAACAAGCGTGTGCGATAAGCCAGTCAGTCAGGAGCTTCGGGCCTAACTAACTACTAGTCCCTGGGAGCATCAGGTAGTAACAGTGACAATCCGCCGGTCTTCGTGTTCAGCACAGTCTAGCTTTCGACGTAACGTAAAGCGGTTCCTAGGAGGGTCAGCCGTTAAGTGTTCCTGTGTCACTCAAAATTGCTTTGAGAGGCTCTAAGGGCTTCTCAGTGCGTTACATCCCTGGCTTGTTGTCCACAACCGTTAAACCTTAAAAGCTTTAAAAGCCTTATATATTCTTTTTTTTCTTATAAAACTTAAAACCTTAGAGGCTATTTAAGTTGCTGATTTATATTAATTTTATTGTTCAAACATGAGAGCTTAGTACGTTAGCCATGAGGGTTTAGTTCGTTAAACATGAGAGCTTAGTACGTTAAACATGAGAGCTTAGTACGTGAAACATGAGAGCTTAGTACGTGAAACATGAGAGCTTAGTACGTACTATCAACAGGTTGAACTGCTGATCTTCAGATCCGTCCCGGTAAACCAGCAATAGACATAAGCGGCAGTCTTAAACGCGCCCTGTAGCGGCGCATTAAGCGCGGCGGGTGTGGTGGTTACGCGCAGCGTGACCGCTACACTTGCCAGCGCCCTAGCGCCCGCTCCTTTCGCTTTCTTCCCTTCCTTTCTCGCCACGTTCGCCGGCTTTCCCCGTCAAGCTCTAAATCGGGGGCTCCCTTTAGGGTTCCGATTTAGTGCTTTACGGCACCTCGACCCCAAAAAACTTGATTTGGGTGATGGTTCACGTAGTGGGCCATCGCCCTGATAGACGGTTTTTCGCCCTTTGACGTTGGAGTCCACGTTCTTTAATAGTGGACTCTTGTTCCAAACTGGAACAACACTCAAACCTATCTCGGGCTATTCTTTTGATTTATAAGGGATTTTGCCGATTTCGGCCTATTGGTTAAAAAATGAGCTGATTTAACAAAAATTTAACGCGAATTTTAACAAAATATTAACGTTTACAATTTGCTTTTGACTTGGCACCAATAACTGCCTTAAAAAAATTATTCTTTAACATACAGACACATACCTTCTTTCAGACCACCGGAGATGTTCATTTCACCAGTCTGCGTCGGAAACAGGTGTTCTTCGGAACAGATGATTTCCTTGCCATCTTCCAGGGTGATTTTGTAAGACTTTTTTTT
T1_QS2_004_BC81	TGTTCCTGTGTCACTCAAAATTGCTTTGAGAGGCTCTAAGGGCTTCTCAGTGCGTTACATCCCTGGCTTGTTGTCCACAACCGTTAAACCTTAAAAGCTTTAAAAGCCTTATATATTCTTTTTTTTCTTATAAAACTTAAAACCTTAGAGGCTATTTAAGTTGCTGATTTATATTAATTTTATTGTTCAAACATGAGAGCTTAGTACGTTAGCCATGAGGGTTTAGTTCGTTAAACATGAGAGCTTAGTACGTTAAACATGAGAGCTTAGTACGTGAAACATGAGAGCTTAGTACGTGAAACATGAGAGCTTAGTACGTACTATCAACAGGTTGAACTGCTGATCTTCAGATCCGTCCCGGTAAACCAGCAATAGACATAAGCGGCAGTCTTAAACGCGCCCTGTAGCGGCGCATTAAGCGCGGCGGGTGTGGTGGTTACGCGCAGCGTGACCGCTACACTTGCCAGCGCCCTAGCGCCCGCTCCTTTCGCTTTCTTCCCTTCCTTTCTCGCCACGTTCGCCGGCTTTCCCCGTCAAGCTCTAAATCGGGGGCTCCCTTTAGGGTTCCGATTTAGTGCTTTACGGCACCTCGACCCCAAAAAACTTGATTTGGGTGATGGTTCACGTAGTGGGCCATCGCCCTGATAGACGGTTTTTCGCCCTTTGACGTTGGAGTCCACGTTCTTTAATAGTGGACTCTTGTTCCAAACTGGAACAACACTCAAACCTATCTCGGGCTATTCTTTTGATTTATAAGGGATTTTGCCGATTTCGGCCTATTGGTTAAAAAATGAGCTGATTTAACAAAAATTTAACGCGAATTTTAACAAAATATTAACGTTTACAATTTGCTTTTGACTTGGCACCAATAACTGCCTTAAAAAAATTATTCTTTAACATACAGACACATACCTTCTTTCAGACCACCGGAGATGTTCATTTCACCAGTCTGCGTCGGAAACAGGTGTTCTTCGGAACAGATGATTTCCTTGCCATCTTCCAGGGTGATTTTGTAAGACTTTTTTTTAGATTTCGGGAAGACGTTCAGAACTTCGTTGTAACCCGTGTTGCTCAGTACCAGATCACCGACCTGGATGTTGGAAATTTCCTTCATACCCTGCGGGGTCTGAACCTGGGTTTTCAGATCCAAGCAGTAACCAGATTCACCTGAATCAGGATATTCTTCTAATACCTGGAATGCTGTTTTCCCGGGGATCGCAGTGGTGAGTAACCATGCATCATCAGGAGTACGGATAAAATGCTTGATGGTCGGAAGAGGCATAAATTCCGTCAGCCAGTTTAGTCTGACCATCTCATCTGTAACATCATTGGCAACGCTACCTTTGCCATGTTTCAGAAACAACTCTGGCGCATCGGGCTTCCCATACAATCGATAGATTGTCGCACCTGATTGCCCGACATTATCGCGAGCCCATTTATACCCATATAAATCAGCATCCATGTTGGAATTTAATCGCGGCCTAGAGCAAGACGTTTCCCGTTGAATATGGCTCATTTTAGCTTCCTTAGCTCCTGAAAATCTCGATAACTCAAAAAATACGCCCGGTAGTGATCTTATTTCATTATGGTGAAAGTTGGAACCTCTTACGTGCCGATCAACGTCTCATTTTCGCCAAAAGTTGGCCATGTCAGTGGTCACTTACGTACTCTTTCGGTGCCCTGTAATCTATCTGTCAGTCAAGATACCCAACTCACTCGTTGTCTCCAGGGAGGTCCACTCCCCTCGTCACTATACCAAACAAGCGTGTGCGATAAGCCAGTCAGTCAGGAGCTTCGGGCCTAACTAACTACTAGTCCCTCATCTTGTGAAGTTGTTTCGGTGACAATCCGCCGGTCTTCGTGTTCAGCACAGTCTAGCTTTCGACGTAACGTAAAGCGGTTCCTAGGAGGGTCAGCCGTTAAG
T1_QS2_007_BC17	AGATTTCGGGAAGACGTTCAGAACTTCGTTGTAACCCGTGTTGCTCAGTACCAGATCACCGACCTGGATGTTGGAAATTTCCTTCATACCCTGCGGGGTCTGAACCTGGGTTTTCAGATCCAAGCAGTAACCAGATTCACCTGAATCAGGATATTCTTCTAATACCTGGAATGCTGTTTTCCCGGGGATCGCAGTGGTGAGTAACCATGCATCATCAGGAGTACGGATAAAATGCTTGATGGTCGGAAGAGGCATAAATTCCGTCAGCCAGTTTAGTCTGACCATCTCATCTGTAACATCATTGGCAACGCTACCTTTGCCATGTTTCAGAAACAACTCTGGCGCATCGGGCTTCCCATACAATCGATAGATTGTCGCACCTGATTGCCCGACATTATCGCGAGCCCATTTATACCCATATAAATCAGCATCCATGTTGGAATTTAATCGCGGCCTAGAGCAAGACGTTTCCCGTTGAATATGGCTCATTTTAGCTTCCTTAGCTCCTGAAAATCTCGATAACTCAAAAAATACGCCCGGTAGTGATCTTATTTCATTATGGTGAAAGTTGGAACCTCTTACGTGCCGATCAACGTCTCATTTTCGCCAAAAGTTGGCCATGTCACGAGAGCCAAGGATAGTAGTCGTGCCCTGTAATCTATCTGTCAGTCACTCCCTCTAGGCTTTGTCACTTCACTCCAGAGGTCCACTCCCCTCGTCACTATACCAATTGACTCCGTTGTCCCTGAGATGTCAGTCAGGAGCTTCGGGCCTAACTAACTACTAGTCACCCTCCAGGAAAGTACCTCTGATTGACAATCCGCCGGTCTTCGTGTTCAGCACAGTCTAGCTTTCGACGTAACGTAAAGCGGTTCCTAGGAGGGTCAGCCGTTAAGTGTTCCTGTGTCACTCAAAATTGCTTTGAGAGGCTCTAAGGGCTTCTCAGTGCGTTACATCCCTGGCTTGTTGTCCACAACCGTTAAACCTTAAAAGCTTTAAAAGCCTTATATATTCTTTTTTTTCTTATAAAACTTAAAACCTTAGAGGCTATTTAAGTTGCTGATTTATATTAATTTTATTGTTCAAACATGAGAGCTTAGTACGTTAGCCATGAGGGTTTAGTTCGTTAAACATGAGAGCTTAGTACGTTAAACATGAGAGCTTAGTACGTGAAACATGAGAGCTTAGTACGTGAAACATGAGAGCTTAGTACGTACTATCAACAGGTTGAACTGCTGATCTTCAGATCCGTCCCGGTAAACCAGCAATAGACATAAGCGGCAGTCTTAAACGCGCCCTGTAGCGGCGCATTAAGCGCGGCGGGTGTGGTGGTTACGCGCAGCGTGACCGCTACACTTGCCAGCGCCCTAGCGCCCGCTCCTTTCGCTTTCTTCCCTTCCTTTCTCGCCACGTTCGCCGGCTTTCCCCGTCAAGCTCTAAATCGGGGGCTCCCTTTAGGGTTCCGATTTAGTGCTTTACGGCACCTCGACCCCAAAAAACTTGATTTGGGTGATGGTTCACGTAGTGGGCCATCGCCCTGATAGACGGTTTTTCGCCCTTTGACGTTGGAGTCCACGTTCTTTAATAGTGGACTCTTGTTCCAAACTGGAACAACACTCAAACCTATCTCGGGCTATTCTTTTGATTTATAAGGGATTTTGCCGATTTCGGCCTATTGGTTAAAAAATGAGCTGATTTAACAAAAATTTAACGCGAATTTTAACAAAATATTAACGTTTACAATTTGCTTTTGACTTGGCACCAATAACTGCCTTAAAAAAATTATTCTTTAACATACAGACACATACCTTCTTTCAGACCACCGGAGATGTTCATTTCACCAGTCTGCGTCGGAAACAGGTGTTCTTCGGAACAGATGATTTCCTTGCCATCTTCCAGGGTGATTTTGTAAGACTTTTTTTT
T1_QS2_007_BC22	TGTTCCTGTGTCACTCAAAATTGCTTTGAGAGGCTCTAAGGGCTTCTCAGTGCGTTACATCCCTGGCTTGTTGTCCACAACCGTTAAACCTTAAAAGCTTTAAAAGCCTTATATATTCTTTTTTTTCTTATAAAACTTAAAACCTTAGAGGCTATTTAAGTTGCTGATTTATATTAATTTTATTGTTCAAACATGAGAGCTTAGTACGTTAGCCATGAGGGTTTAGTTCGTTAAACATGAGAGCTTAGTACGTTAAACATGAGAGCTTAGTACGTGAAACATGAGAGCTTAGTACGTGAAACATGAGAGCTTAGTACGTACTATCAACAGGTTGAACTGCTGATCTTCAGATCCGTCCCGGTAAACCAGCAATAGACATAAGCGGCAGTCTTAAACGCGCCCTGTAGCGGCGCATTAAGCGCGGCGGGTGTGGTGGTTACGCGCAGCGTGACCGCTACACTTGCCAGCGCCCTAGCGCCCGCTCCTTTCGCTTTCTTCCCTTCCTTTCTCGCCACGTTCGCCGGCTTTCCCCGTCAAGCTCTAAATCGGGGGCTCCCTTTAGGGTTCCGATTTAGTGCTTTACGGCACCTCGACCCCAAAAAACTTGATTTGGGTGATGGTTCACGTAGTGGGCCATCGCCCTGATAGACGGTTTTTCGCCCTTTGACGTTGGAGTCCACGTTCTTTAATAGTGGACTCTTGTTCCAAACTGGAACAACACTCAAACCTATCTCGGGCTATTCTTTTGATTTATAAGGGATTTTGCCGATTTCGGCCTATTGGTTAAAAAATGAGCTGATTTAACAAAAATTTAACGCGAATTTTAACAAAATATTAACGTTTACAATTTGCTTTTGACTTGGCACCAATAACTGCCTTAAAAAAATTATTCTTTAACATACAGACACATACCTTCTTTCAGACCACCGGAGATGTTCATTTCACCAGTCTGCGTCGGAAACAGGTGTTCTTCGGAACAGATGATTTCCTTGCCATCTTCCAGGGTGATTTTGTAAGACTTTTTTTTAGATTTCGGGAAGACGTTCAGAACTTCGTTGTAACCCGTGTTGCTCAGTACCAGATCACCGACCTGGATGTTGGAAATTTCCTTCATACCCTGCGGGGTCTGAACCTGGGTTTTCAGATCCAAGCAGTAACCAGATTCACCTGAATCAGGATATTCTTCTAATACCTGGAATGCTGTTTTCCCGGGGATCGCAGTGGTGAGTAACCATGCATCATCAGGAGTACGGATAAAATGCTTGATGGTCGGAAGAGGCATAAATTCCGTCAGCCAGTTTAGTCTGACCATCTCATCTGTAACATCATTGGCAACGCTACCTTTGCCATGTTTCAGAAACAACTCTGGCGCATCGGGCTTCCCATACAATCGATAGATTGTCGCACCTGATTGCCCGACATTATCGCGAGCCCATTTATACCCATATAAATCAGCATCCATGTTGGAATTTAATCGCGGCCTAGAGCAAGACGTTTCCCGTTGAATATGGCTCATTTTAGCTTCCTTAGCTCCTGAAAATCTCGATAACTCAAAAAATACGCCCGGTAGTGATCTTATTTCATTATGGTGAAAGTTGGAACCTCTTACGTGCCGATCAACGTCTCATTTTCGCCAAAAGTTGGCCATGTCACGAGAGCCAAGGATAGTAGTCGTGCCCTGTAATCTATCTGTCAGTCACTCCCTCTAGGCTTTGTCACTTCACTCCAGAGGTCCACTCCCCTCGTCACTATACCAATTGACTCCGTTGTCCCTGAGATGTCAGTCAGGAGCTTCGGGCCTAACTAACTACTAGTCACCACTGCCATGTATCAAAGTACGTGACAATCCGCCGGTCTTCGTGTTCAGCACAGTCTAGCTTTCGACGTAACGTAAAGCGGTTCCTAGGAGGGTCAGCCGTTAAG
T1_QS2_007_BC27	TGTTCCTGTGTCACTCAAAATTGCTTTGAGAGGCTCTAAGGGCTTCTCAGTGCGTTACATCCCTGGCTTGTTGTCCACAACCGTTAAACCTTAAAAGCTTTAAAAGCCTTATATATTCTTTTTTTTCTTATAAAACTTAAAACCTTAGAGGCTATTTAAGTTGCTGATTTATATTAATTTTATTGTTCAAACATGAGAGCTTAGTACGTTAGCCATGAGGGTTTAGTTCGTTAAACATGAGAGCTTAGTACGTTAAACATGAGAGCTTAGTACGTGAAACATGAGAGCTTAGTACGTGAAACATGAGAGCTTAGTACGTACTATCAACAGGTTGAACTGCTGATCTTCAGATCCGTCCCGGTAAACCAGCAATAGACATAAGCGGCAGTCTTAAACGCGCCCTGTAGCGGCGCATTAAGCGCGGCGGGTGTGGTGGTTACGCGCAGCGTGACCGCTACACTTGCCAGCGCCCTAGCGCCCGCTCCTTTCGCTTTCTTCCCTTCCTTTCTCGCCACGTTCGCCGGCTTTCCCCGTCAAGCTCTAAATCGGGGGCTCCCTTTAGGGTTCCGATTTAGTGCTTTACGGCACCTCGACCCCAAAAAACTTGATTTGGGTGATGGTTCACGTAGTGGGCCATCGCCCTGATAGACGGTTTTTCGCCCTTTGACGTTGGAGTCCACGTTCTTTAATAGTGGACTCTTGTTCCAAACTGGAACAACACTCAAACCTATCTCGGGCTATTCTTTTGATTTATAAGGGATTTTGCCGATTTCGGCCTATTGGTTAAAAAATGAGCTGATTTAACAAAAATTTAACGCGAATTTTAACAAAATATTAACGTTTACAATTTGCTTTTGACTTGGCACCAATAACTGCCTTAAAAAAATTATTCTTTAACATACAGACACATACCTTCTTTCAGACCACCGGAGATGTTCATTTCACCAGTCTGCGTCGGAAACAGGTGTTCTTCGGAACAGATGATTTCCTTGCCATCTTCCAGGGTGATTTTGTAAGACTTTTTTTTAGATTTCGGGAAGACGTTCAGAACTTCGTTGTAACCCGTGTTGCTCAGTACCAGATCACCGACCTGGATGTTGGAAATTTCCTTCATACCCTGCGGGGTCTGAACCTGGGTTTTCAGATCCAAGCAGTAACCAGATTCACCTGAATCAGGATATTCTTCTAATACCTGGAATGCTGTTTTCCCGGGGATCGCAGTGGTGAGTAACCATGCATCATCAGGAGTACGGATAAAATGCTTGATGGTCGGAAGAGGCATAAATTCCGTCAGCCAGTTTAGTCTGACCATCTCATCTGTAACATCATTGGCAACGCTACCTTTGCCATGTTTCAGAAACAACTCTGGCGCATCGGGCTTCCCATACAATCGATAGATTGTCGCACCTGATTGCCCGACATTATCGCGAGCCCATTTATACCCATATAAATCAGCATCCATGTTGGAATTTAATCGCGGCCTAGAGCAAGACGTTTCCCGTTGAATATGGCTCATTTTAGCTTCCTTAGCTCCTGAAAATCTCGATAACTCAAAAAATACGCCCGGTAGTGATCTTATTTCATTATGGTGAAAGTTGGAACCTCTTACGTGCCGATCAACGTCTCATTTTCGCCAAAAGTTGGCCATGTCACGAGAGCCAAGGATAGTAGTCGTGCCCTGTAATCTATCTGTCAGTCACTCCCTCTAGGCTTTGTCACTTCACTCCAGAGGTCCACTCCCCTCGTCACTATACCAATTGACTCCGTTGTCCCTGAGATGTCAGTCAGGAGCTTCGGGCCTAACTAACTACTAGTCCGACGGTTAGATTCACCTCTTACATGACAATCCGCCGGTCTTCGTGTTCAGCACAGTCTAGCTTTCGACGTAACGTAAAGCGGTTCCTAGGAGGGTCAGCCGTTAAG
T1_QS2_007_BC47	TGTTCCTGTGTCACTCAAAATTGCTTTGAGAGGCTCTAAGGGCTTCTCAGTGCGTTACATCCCTGGCTTGTTGTCCACAACCGTTAAACCTTAAAAGCTTTAAAAGCCTTATATATTCTTTTTTTTCTTATAAAACTTAAAACCTTAGAGGCTATTTAAGTTGCTGATTTATATTAATTTTATTGTTCAAACATGAGAGCTTAGTACGTTAGCCATGAGGGTTTAGTTCGTTAAACATGAGAGCTTAGTACGTTAAACATGAGAGCTTAGTACGTGAAACATGAGAGCTTAGTACGTGAAACATGAGAGCTTAGTACGTACTATCAACAGGTTGAACTGCTGATCTTCAGATCCGTCCCGGTAAACCAGCAATAGACATAAGCGGCAGTCTTAAACGCGCCCTGTAGCGGCGCATTAAGCGCGGCGGGTGTGGTGGTTACGCGCAGCGTGACCGCTACACTTGCCAGCGCCCTAGCGCCCGCTCCTTTCGCTTTCTTCCCTTCCTTTCTCGCCACGTTCGCCGGCTTTCCCCGTCAAGCTCTAAATCGGGGGCTCCCTTTAGGGTTCCGATTTAGTGCTTTACGGCACCTCGACCCCAAAAAACTTGATTTGGGTGATGGTTCACGTAGTGGGCCATCGCCCTGATAGACGGTTTTTCGCCCTTTGACGTTGGAGTCCACGTTCTTTAATAGTGGACTCTTGTTCCAAACTGGAACAACACTCAAACCTATCTCGGGCTATTCTTTTGATTTATAAGGGATTTTGCCGATTTCGGCCTATTGGTTAAAAAATGAGCTGATTTAACAAAAATTTAACGCGAATTTTAACAAAATATTAACGTTTACAATTTGCTTTTGACTTGGCACCAATAACTGCCTTAAAAAAATTATTCTTTAACATACAGACACATACCTTCTTTCAGACCACCGGAGATGTTCATTTCACCAGTCTGCGTCGGAAACAGGTGTTCTTCGGAACAGATGATTTCCTTGCCATCTTCCAGGGTGATTTTGTAAGACTTTTTTTTAGATTTCGGGAAGACGTTCAGAACTTCGTTGTAACCCGTGTTGCTCAGTACCAGATCACCGACCTGGATGTTGGAAATTTCCTTCATACCCTGCGGGGTCTGAACCTGGGTTTTCAGATCCAAGCAGTAACCAGATTCACCTGAATCAGGATATTCTTCTAATACCTGGAATGCTGTTTTCCCGGGGATCGCAGTGGTGAGTAACCATGCATCATCAGGAGTACGGATAAAATGCTTGATGGTCGGAAGAGGCATAAATTCCGTCAGCCAGTTTAGTCTGACCATCTCATCTGTAACATCATTGGCAACGCTACCTTTGCCATGTTTCAGAAACAACTCTGGCGCATCGGGCTTCCCATACAATCGATAGATTGTCGCACCTGATTGCCCGACATTATCGCGAGCCCATTTATACCCATATAAATCAGCATCCATGTTGGAATTTAATCGCGGCCTAGAGCAAGACGTTTCCCGTTGAATATGGCTCATTTTAGCTTCCTTAGCTCCTGAAAATCTCGATAACTCAAAAAATACGCCCGGTAGTGATCTTATTTCATTATGGTGAAAGTTGGAACCTCTTACGTGCCGATCAACGTCTCATTTTCGCCAAAAGTTGGCCATGTCACGAGAGCCAAGGATAGTAGTCGTGCCCTGTAATCTATCTGTCAGTCACTCCCTCTAGGCTTTGTCACTTCACTCCAGAGGTCCACTCCCCTCGTCACTATACCAATTGACTCCGTTGTCCCTGAGATGTCAGTCAGGAGCTTCGGGCCTAACTAACTACTAGTCGTGCAACTTTCCCACAGGTAGTTCTGACAATCCGCCGGTCTTCGTGTTCAGCACAGTCTAGCTTTCGACGTAACGTAAAGCGGTTCCTAGGAGGGTCAGCCGTTAAG
T1_QS2_007_BC67	TGTTCCTGTGTCACTCAAAATTGCTTTGAGAGGCTCTAAGGGCTTCTCAGTGCGTTACATCCCTGGCTTGTTGTCCACAACCGTTAAACCTTAAAAGCTTTAAAAGCCTTATATATTCTTTTTTTTCTTATAAAACTTAAAACCTTAGAGGCTATTTAAGTTGCTGATTTATATTAATTTTATTGTTCAAACATGAGAGCTTAGTACGTTAGCCATGAGGGTTTAGTTCGTTAAACATGAGAGCTTAGTACGTTAAACATGAGAGCTTAGTACGTGAAACATGAGAGCTTAGTACGTGAAACATGAGAGCTTAGTACGTACTATCAACAGGTTGAACTGCTGATCTTCAGATCCGTCCCGGTAAACCAGCAATAGACATAAGCGGCAGTCTTAAACGCGCCCTGTAGCGGCGCATTAAGCGCGGCGGGTGTGGTGGTTACGCGCAGCGTGACCGCTACACTTGCCAGCGCCCTAGCGCCCGCTCCTTTCGCTTTCTTCCCTTCCTTTCTCGCCACGTTCGCCGGCTTTCCCCGTCAAGCTCTAAATCGGGGGCTCCCTTTAGGGTTCCGATTTAGTGCTTTACGGCACCTCGACCCCAAAAAACTTGATTTGGGTGATGGTTCACGTAGTGGGCCATCGCCCTGATAGACGGTTTTTCGCCCTTTGACGTTGGAGTCCACGTTCTTTAATAGTGGACTCTTGTTCCAAACTGGAACAACACTCAAACCTATCTCGGGCTATTCTTTTGATTTATAAGGGATTTTGCCGATTTCGGCCTATTGGTTAAAAAATGAGCTGATTTAACAAAAATTTAACGCGAATTTTAACAAAATATTAACGTTTACAATTTGCTTTTGACTTGGCACCAATAACTGCCTTAAAAAAATTATTCTTTAACATACAGACACATACCTTCTTTCAGACCACCGGAGATGTTCATTTCACCAGTCTGCGTCGGAAACAGGTGTTCTTCGGAACAGATGATTTCCTTGCCATCTTCCAGGGTGATTTTGTAAGACTTTTTTTTAGATTTCGGGAAGACGTTCAGAACTTCGTTGTAACCCGTGTTGCTCAGTACCAGATCACCGACCTGGATGTTGGAAATTTCCTTCATACCCTGCGGGGTCTGAACCTGGGTTTTCAGATCCAAGCAGTAACCAGATTCACCTGAATCAGGATATTCTTCTAATACCTGGAATGCTGTTTTCCCGGGGATCGCAGTGGTGAGTAACCATGCATCATCAGGAGTACGGATAAAATGCTTGATGGTCGGAAGAGGCATAAATTCCGTCAGCCAGTTTAGTCTGACCATCTCATCTGTAACATCATTGGCAACGCTACCTTTGCCATGTTTCAGAAACAACTCTGGCGCATCGGGCTTCCCATACAATCGATAGATTGTCGCACCTGATTGCCCGACATTATCGCGAGCCCATTTATACCCATATAAATCAGCATCCATGTTGGAATTTAATCGCGGCCTAGAGCAAGACGTTTCCCGTTGAATATGGCTCATTTTAGCTTCCTTAGCTCCTGAAAATCTCGATAACTCAAAAAATACGCCCGGTAGTGATCTTATTTCATTATGGTGAAAGTTGGAACCTCTTACGTGCCGATCAACGTCTCATTTTCGCCAAAAGTTGGCCATGTCACGAGAGCCAAGGATAGTAGTCGTGCCCTGTAATCTATCTGTCAGTCACTCCCTCTAGGCTTTGTCACTTCACTCCAGAGGTCCACTCCCCTCGTCACTATACCAATTGACTCCGTTGTCCCTGAGATGTCAGTCAGGAGCTTCGGGCCTAACTAACTACTAGTCGTTTGTCATACTCGTGTGCTCACCTGACAATCCGCCGGTCTTCGTGTTCAGCACAGTCTAGCTTTCGACGTAACGTAAAGCGGTTCCTAGGAGGGTCAGCCGTTAAG
T1_QS2_010_BC18	AGATTTCGGGAAGACGTTCAGAACTTCGTTGTAACCCGTGTTGCTCAGTACCAGATCACCGACCTGGATGTTGGAAATTTCCTTCATACCCTGCGGGGTCTGAACCTGGGTTTTCAGATCCAAGCAGTAACCAGATTCACCTGAATCAGGATATTCTTCTAATACCTGGAATGCTGTTTTCCCGGGGATCGCAGTGGTGAGTAACCATGCATCATCAGGAGTACGGATAAAATGCTTGATGGTCGGAAGAGGCATAAATTCCGTCAGCCAGTTTAGTCTGACCATCTCATCTGTAACATCATTGGCAACGCTACCTTTGCCATGTTTCAGAAACAACTCTGGCGCATCGGGCTTCCCATACAATCGATAGATTGTCGCACCTGATTGCCCGACATTATCGCGAGCCCATTTATACCCATATAAATCAGCATCCATGTTGGAATTTAATCGCGGCCTAGAGCAAGACGTTTCCCGTTGAATATGGCTCATTTTAGCTTCCTTAGCTCCTGAAAATCTCGATAACTCAAAAAATACGCCCGGTAGTGATCTTATTTCATTATGGTGAAAGTTGGAACCTCTTACGTGCCGATCAACGTCTCATTTTCGCCAAAAGTTGGCCATGTCAGCAGTGCTTTGACCGTGAGTAGTGCCCTGTAATCTATCTGTCAGTCAAAACCCGAGAGTCCCCTAGTAGGTTCGAACAGGTCCACTCCCCTCGTCACTATACCAACTTGTTTCGTGCAGAGAGACCGTCAGTCAGGAGCTTCGGGCCTAACTAACTACTAGTCCCAAACCCAACAACCTAGATAGGCTGACAATCCGCCGGTCTTCGTGTTCAGCACAGTCTAGCTTTCGACGTAACGTAAAGCGGTTCCTAGGAGGGTCAGCCGTTAAGTGTTCCTGTGTCACTCAAAATTGCTTTGAGAGGCTCTAAGGGCTTCTCAGTGCGTTACATCCCTGGCTTGTTGTCCACAACCGTTAAACCTTAAAAGCTTTAAAAGCCTTATATATTCTTTTTTTTCTTATAAAACTTAAAACCTTAGAGGCTATTTAAGTTGCTGATTTATATTAATTTTATTGTTCAAACATGAGAGCTTAGTACGTTAGCCATGAGGGTTTAGTTCGTTAAACATGAGAGCTTAGTACGTTAAACATGAGAGCTTAGTACGTGAAACATGAGAGCTTAGTACGTGAAACATGAGAGCTTAGTACGTACTATCAACAGGTTGAACTGCTGATCTTCAGATCCGTCCCGGTAAACCAGCAATAGACATAAGCGGCAGTCTTAAACGCGCCCTGTAGCGGCGCATTAAGCGCGGCGGGTGTGGTGGTTACGCGCAGCGTGACCGCTACACTTGCCAGCGCCCTAGCGCCCGCTCCTTTCGCTTTCTTCCCTTCCTTTCTCGCCACGTTCGCCGGCTTTCCCCGTCAAGCTCTAAATCGGGGGCTCCCTTTAGGGTTCCGATTTAGTGCTTTACGGCACCTCGACCCCAAAAAACTTGATTTGGGTGATGGTTCACGTAGTGGGCCATCGCCCTGATAGACGGTTTTTCGCCCTTTGACGTTGGAGTCCACGTTCTTTAATAGTGGACTCTTGTTCCAAACTGGAACAACACTCAAACCTATCTCGGGCTATTCTTTTGATTTATAAGGGATTTTGCCGATTTCGGCCTATTGGTTAAAAAATGAGCTGATTTAACAAAAATTTAACGCGAATTTTAACAAAATATTAACGTTTACAATTTGCTTTTGACTTGGCACCAATAACTGCCTTAAAAAAATTATTCTTTAACATACAGACACATACCTTCTTTCAGACCACCGGAGATGTTCATTTCACCAGTCTGCGTCGGAAACAGGTGTTCTTCGGAACAGATGATTTCCTTGCCATCTTCCAGGGTGATTTTGTAAGACTTTTTTTT
T1_QS2_010_BC28	AGATTTCGGGAAGACGTTCAGAACTTCGTTGTAACCCGTGTTGCTCAGTACCAGATCACCGACCTGGATGTTGGAAATTTCCTTCATACCCTGCGGGGTCTGAACCTGGGTTTTCAGATCCAAGCAGTAACCAGATTCACCTGAATCAGGATATTCTTCTAATACCTGGAATGCTGTTTTCCCGGGGATCGCAGTGGTGAGTAACCATGCATCATCAGGAGTACGGATAAAATGCTTGATGGTCGGAAGAGGCATAAATTCCGTCAGCCAGTTTAGTCTGACCATCTCATCTGTAACATCATTGGCAACGCTACCTTTGCCATGTTTCAGAAACAACTCTGGCGCATCGGGCTTCCCATACAATCGATAGATTGTCGCACCTGATTGCCCGACATTATCGCGAGCCCATTTATACCCATATAAATCAGCATCCATGTTGGAATTTAATCGCGGCCTAGAGCAAGACGTTTCCCGTTGAATATGGCTCATTTTAGCTTCCTTAGCTCCTGAAAATCTCGATAACTCAAAAAATACGCCCGGTAGTGATCTTATTTCATTATGGTGAAAGTTGGAACCTCTTACGTGCCGATCAACGTCTCATTTTCGCCAAAAGTTGGCCATGTCAGCAGTGCTTTGACCGTGAGTAGTGCCCTGTAATCTATCTGTCAGTCAAAACCCGAGAGTCCCCTAGTAGGTTCGAACAGGTCCACTCCCCTCGTCACTATACCAACTTGTTTCGTGCAGAGAGACCGTCAGTCAGGAGCTTCGGGCCTAACTAACTACTAGTCTGAAACCTAAGAAGGCACCGTATCTGACAATCCGCCGGTCTTCGTGTTCAGCACAGTCTAGCTTTCGACGTAACGTAAAGCGGTTCCTAGGAGGGTCAGCCGTTAAGTGTTCCTGTGTCACTCAAAATTGCTTTGAGAGGCTCTAAGGGCTTCTCAGTGCGTTACATCCCTGGCTTGTTGTCCACAACCGTTAAACCTTAAAAGCTTTAAAAGCCTTATATATTCTTTTTTTTCTTATAAAACTTAAAACCTTAGAGGCTATTTAAGTTGCTGATTTATATTAATTTTATTGTTCAAACATGAGAGCTTAGTACGTTAGCCATGAGGGTTTAGTTCGTTAAACATGAGAGCTTAGTACGTTAAACATGAGAGCTTAGTACGTGAAACATGAGAGCTTAGTACGTGAAACATGAGAGCTTAGTACGTACTATCAACAGGTTGAACTGCTGATCTTCAGATCCGTCCCGGTAAACCAGCAATAGACATAAGCGGCAGTCTTAAACGCGCCCTGTAGCGGCGCATTAAGCGCGGCGGGTGTGGTGGTTACGCGCAGCGTGACCGCTACACTTGCCAGCGCCCTAGCGCCCGCTCCTTTCGCTTTCTTCCCTTCCTTTCTCGCCACGTTCGCCGGCTTTCCCCGTCAAGCTCTAAATCGGGGGCTCCCTTTAGGGTTCCGATTTAGTGCTTTACGGCACCTCGACCCCAAAAAACTTGATTTGGGTGATGGTTCACGTAGTGGGCCATCGCCCTGATAGACGGTTTTTCGCCCTTTGACGTTGGAGTCCACGTTCTTTAATAGTGGACTCTTGTTCCAAACTGGAACAACACTCAAACCTATCTCGGGCTATTCTTTTGATTTATAAGGGATTTTGCCGATTTCGGCCTATTGGTTAAAAAATGAGCTGATTTAACAAAAATTTAACGCGAATTTTAACAAAATATTAACGTTTACAATTTGCTTTTGACTTGGCACCAATAACTGCCTTAAAAAAATTATTCTTTAACATACAGACACATACCTTCTTTCAGACCACCGGAGATGTTCATTTCACCAGTCTGCGTCGGAAACAGGTGTTCTTCGGAACAGATGATTTCCTTGCCATCTTCCAGGGTGATTTTGTAAGACTTTTTTTT
T1_QS2_010_BC33	AGATTTCGGGAAGACGTTCAGAACTTCGTTGTAACCCGTGTTGCTCAGTACCAGATCACCGACCTGGATGTTGGAAATTTCCTTCATACCCTGCGGGGTCTGAACCTGGGTTTTCAGATCCAAGCAGTAACCAGATTCACCTGAATCAGGATATTCTTCTAATACCTGGAATGCTGTTTTCCCGGGGATCGCAGTGGTGAGTAACCATGCATCATCAGGAGTACGGATAAAATGCTTGATGGTCGGAAGAGGCATAAATTCCGTCAGCCAGTTTAGTCTGACCATCTCATCTGTAACATCATTGGCAACGCTACCTTTGCCATGTTTCAGAAACAACTCTGGCGCATCGGGCTTCCCATACAATCGATAGATTGTCGCACCTGATTGCCCGACATTATCGCGAGCCCATTTATACCCATATAAATCAGCATCCATGTTGGAATTTAATCGCGGCCTAGAGCAAGACGTTTCCCGTTGAATATGGCTCATTTTAGCTTCCTTAGCTCCTGAAAATCTCGATAACTCAAAAAATACGCCCGGTAGTGATCTTATTTCATTATGGTGAAAGTTGGAACCTCTTACGTGCCGATCAACGTCTCATTTTCGCCAAAAGTTGGCCATGTCAGCAGTGCTTTGACCGTGAGTAGTGCCCTGTAATCTATCTGTCAGTCAAAACCCGAGAGTCCCCTAGTAGGTTCGAACAGGTCCACTCCCCTCGTCACTATACCAACTTGTTTCGTGCAGAGAGACCGTCAGTCAGGAGCTTCGGGCCTAACTAACTACTAGTCCAGACTTGGTACGGTTGGGTAACTTGACAATCCGCCGGTCTTCGTGTTCAGCACAGTCTAGCTTTCGACGTAACGTAAAGCGGTTCCTAGGAGGGTCAGCCGTTAAGTGTTCCTGTGTCACTCAAAATTGCTTTGAGAGGCTCTAAGGGCTTCTCAGTGCGTTACATCCCTGGCTTGTTGTCCACAACCGTTAAACCTTAAAAGCTTTAAAAGCCTTATATATTCTTTTTTTTCTTATAAAACTTAAAACCTTAGAGGCTATTTAAGTTGCTGATTTATATTAATTTTATTGTTCAAACATGAGAGCTTAGTACGTTAGCCATGAGGGTTTAGTTCGTTAAACATGAGAGCTTAGTACGTTAAACATGAGAGCTTAGTACGTGAAACATGAGAGCTTAGTACGTGAAACATGAGAGCTTAGTACGTACTATCAACAGGTTGAACTGCTGATCTTCAGATCCGTCCCGGTAAACCAGCAATAGACATAAGCGGCAGTCTTAAACGCGCCCTGTAGCGGCGCATTAAGCGCGGCGGGTGTGGTGGTTACGCGCAGCGTGACCGCTACACTTGCCAGCGCCCTAGCGCCCGCTCCTTTCGCTTTCTTCCCTTCCTTTCTCGCCACGTTCGCCGGCTTTCCCCGTCAAGCTCTAAATCGGGGGCTCCCTTTAGGGTTCCGATTTAGTGCTTTACGGCACCTCGACCCCAAAAAACTTGATTTGGGTGATGGTTCACGTAGTGGGCCATCGCCCTGATAGACGGTTTTTCGCCCTTTGACGTTGGAGTCCACGTTCTTTAATAGTGGACTCTTGTTCCAAACTGGAACAACACTCAAACCTATCTCGGGCTATTCTTTTGATTTATAAGGGATTTTGCCGATTTCGGCCTATTGGTTAAAAAATGAGCTGATTTAACAAAAATTTAACGCGAATTTTAACAAAATATTAACGTTTACAATTTGCTTTTGACTTGGCACCAATAACTGCCTTAAAAAAATTATTCTTTAACATACAGACACATACCTTCTTTCAGACCACCGGAGATGTTCATTTCACCAGTCTGCGTCGGAAACAGGTGTTCTTCGGAACAGATGATTTCCTTGCCATCTTCCAGGGTGATTTTGTAAGACTTTTTTTT
T1_QS2_010_BC43	AGATTTCGGGAAGACGTTCAGAACTTCGTTGTAACCCGTGTTGCTCAGTACCAGATCACCGACCTGGATGTTGGAAATTTCCTTCATACCCTGCGGGGTCTGAACCTGGGTTTTCAGATCCAAGCAGTAACCAGATTCACCTGAATCAGGATATTCTTCTAATACCTGGAATGCTGTTTTCCCGGGGATCGCAGTGGTGAGTAACCATGCATCATCAGGAGTACGGATAAAATGCTTGATGGTCGGAAGAGGCATAAATTCCGTCAGCCAGTTTAGTCTGACCATCTCATCTGTAACATCATTGGCAACGCTACCTTTGCCATGTTTCAGAAACAACTCTGGCGCATCGGGCTTCCCATACAATCGATAGATTGTCGCACCTGATTGCCCGACATTATCGCGAGCCCATTTATACCCATATAAATCAGCATCCATGTTGGAATTTAATCGCGGCCTAGAGCAAGACGTTTCCCGTTGAATATGGCTCATTTTAGCTTCCTTAGCTCCTGAAAATCTCGATAACTCAAAAAATACGCCCGGTAGTGATCTTATTTCATTATGGTGAAAGTTGGAACCTCTTACGTGCCGATCAACGTCTCATTTTCGCCAAAAGTTGGCCATGTCAGCAGTGCTTTGACCGTGAGTAGTGCCCTGTAATCTATCTGTCAGTCAAAACCCGAGAGTCCCCTAGTAGGTTCGAACAGGTCCACTCCCCTCGTCACTATACCAACTTGTTTCGTGCAGAGAGACCGTCAGTCAGGAGCTTCGGGCCTAACTAACTACTAGTCCTTTCGTTGTTGACTCGACGGTAGTGACAATCCGCCGGTCTTCGTGTTCAGCACAGTCTAGCTTTCGACGTAACGTAAAGCGGTTCCTAGGAGGGTCAGCCGTTAAGTGTTCCTGTGTCACTCAAAATTGCTTTGAGAGGCTCTAAGGGCTTCTCAGTGCGTTACATCCCTGGCTTGTTGTCCACAACCGTTAAACCTTAAAAGCTTTAAAAGCCTTATATATTCTTTTTTTTCTTATAAAACTTAAAACCTTAGAGGCTATTTAAGTTGCTGATTTATATTAATTTTATTGTTCAAACATGAGAGCTTAGTACGTTAGCCATGAGGGTTTAGTTCGTTAAACATGAGAGCTTAGTACGTTAAACATGAGAGCTTAGTACGTGAAACATGAGAGCTTAGTACGTGAAACATGAGAGCTTAGTACGTACTATCAACAGGTTGAACTGCTGATCTTCAGATCCGTCCCGGTAAACCAGCAATAGACATAAGCGGCAGTCTTAAACGCGCCCTGTAGCGGCGCATTAAGCGCGGCGGGTGTGGTGGTTACGCGCAGCGTGACCGCTACACTTGCCAGCGCCCTAGCGCCCGCTCCTTTCGCTTTCTTCCCTTCCTTTCTCGCCACGTTCGCCGGCTTTCCCCGTCAAGCTCTAAATCGGGGGCTCCCTTTAGGGTTCCGATTTAGTGCTTTACGGCACCTCGACCCCAAAAAACTTGATTTGGGTGATGGTTCACGTAGTGGGCCATCGCCCTGATAGACGGTTTTTCGCCCTTTGACGTTGGAGTCCACGTTCTTTAATAGTGGACTCTTGTTCCAAACTGGAACAACACTCAAACCTATCTCGGGCTATTCTTTTGATTTATAAGGGATTTTGCCGATTTCGGCCTATTGGTTAAAAAATGAGCTGATTTAACAAAAATTTAACGCGAATTTTAACAAAATATTAACGTTTACAATTTGCTTTTGACTTGGCACCAATAACTGCCTTAAAAAAATTATTCTTTAACATACAGACACATACCTTCTTTCAGACCACCGGAGATGTTCATTTCACCAGTCTGCGTCGGAAACAGGTGTTCTTCGGAACAGATGATTTCCTTGCCATCTTCCAGGGTGATTTTGTAAGACTTTTTTTT
T1_QS2_010_BC78	TGTTCCTGTGTCACTCAAAATTGCTTTGAGAGGCTCTAAGGGCTTCTCAGTGCGTTACATCCCTGGCTTGTTGTCCACAACCGTTAAACCTTAAAAGCTTTAAAAGCCTTATATATTCTTTTTTTTCTTATAAAACTTAAAACCTTAGAGGCTATTTAAGTTGCTGATTTATATTAATTTTATTGTTCAAACATGAGAGCTTAGTACGTTAGCCATGAGGGTTTAGTTCGTTAAACATGAGAGCTTAGTACGTTAAACATGAGAGCTTAGTACGTGAAACATGAGAGCTTAGTACGTGAAACATGAGAGCTTAGTACGTACTATCAACAGGTTGAACTGCTGATCTTCAGATCCGTCCCGGTAAACCAGCAATAGACATAAGCGGCAGTCTTAAACGCGCCCTGTAGCGGCGCATTAAGCGCGGCGGGTGTGGTGGTTACGCGCAGCGTGACCGCTACACTTGCCAGCGCCCTAGCGCCCGCTCCTTTCGCTTTCTTCCCTTCCTTTCTCGCCACGTTCGCCGGCTTTCCCCGTCAAGCTCTAAATCGGGGGCTCCCTTTAGGGTTCCGATTTAGTGCTTTACGGCACCTCGACCCCAAAAAACTTGATTTGGGTGATGGTTCACGTAGTGGGCCATCGCCCTGATAGACGGTTTTTCGCCCTTTGACGTTGGAGTCCACGTTCTTTAATAGTGGACTCTTGTTCCAAACTGGAACAACACTCAAACCTATCTCGGGCTATTCTTTTGATTTATAAGGGATTTTGCCGATTTCGGCCTATTGGTTAAAAAATGAGCTGATTTAACAAAAATTTAACGCGAATTTTAACAAAATATTAACGTTTACAATTTGCTTTTGACTTGGCACCAATAACTGCCTTAAAAAAATTATTCTTTAACATACAGACACATACCTTCTTTCAGACCACCGGAGATGTTCATTTCACCAGTCTGCGTCGGAAACAGGTGTTCTTCGGAACAGATGATTTCCTTGCCATCTTCCAGGGTGATTTTGTAAGACTTTTTTTTAGATTTCGGGAAGACGTTCAGAACTTCGTTGTAACCCGTGTTGCTCAGTACCAGATCACCGACCTGGATGTTGGAAATTTCCTTCATACCCTGCGGGGTCTGAACCTGGGTTTTCAGATCCAAGCAGTAACCAGATTCACCTGAATCAGGATATTCTTCTAATACCTGGAATGCTGTTTTCCCGGGGATCGCAGTGGTGAGTAACCATGCATCATCAGGAGTACGGATAAAATGCTTGATGGTCGGAAGAGGCATAAATTCCGTCAGCCAGTTTAGTCTGACCATCTCATCTGTAACATCATTGGCAACGCTACCTTTGCCATGTTTCAGAAACAACTCTGGCGCATCGGGCTTCCCATACAATCGATAGATTGTCGCACCTGATTGCCCGACATTATCGCGAGCCCATTTATACCCATATAAATCAGCATCCATGTTGGAATTTAATCGCGGCCTAGAGCAAGACGTTTCCCGTTGAATATGGCTCATTTTAGCTTCCTTAGCTCCTGAAAATCTCGATAACTCAAAAAATACGCCCGGTAGTGATCTTATTTCATTATGGTGAAAGTTGGAACCTCTTACGTGCCGATCAACGTCTCATTTTCGCCAAAAGTTGGCCATGTCAGCAGTGCTTTGACCGTGAGTAGTGCCCTGTAATCTATCTGTCAGTCAAAACCCGAGAGTCCCCTAGTAGGTTCGAACAGGTCCACTCCCCTCGTCACTATACCAACTTGTTTCGTGCAGAGAGACCGTCAGTCAGGAGCTTCGGGCCTAACTAACTACTAGTCAACAACCGAACCTTTGAATCAGAATGACAATCCGCCGGTCTTCGTGTTCAGCACAGTCTAGCTTTCGACGTAACGTAAAGCGGTTCCTAGGAGGGTCAGCCGTTAAG
T1_QS2_018_BC04	TGTTCCTGTGTCACTCAAAATTGCTTTGAGAGGCTCTAAGGGCTTCTCAGTGCGTTACATCCCTGGCTTGTTGTCCACAACCGTTAAACCTTAAAAGCTTTAAAAGCCTTATATATTCTTTTTTTTCTTATAAAACTTAAAACCTTAGAGGCTATTTAAGTTGCTGATTTATATTAATTTTATTGTTCAAACATGAGAGCTTAGTACGTTAGCCATGAGGGTTTAGTTCGTTAAACATGAGAGCTTAGTACGTTAAACATGAGAGCTTAGTACGTGAAACATGAGAGCTTAGTACGTGAAACATGAGAGCTTAGTACGTACTATCAACAGGTTGAACTGCTGATCTTCAGATCCGTCCCGGTAAACCAGCAATAGACATAAGCGGCAGTCTTAAACGCGCCCTGTAGCGGCGCATTAAGCGCGGCGGGTGTGGTGGTTACGCGCAGCGTGACCGCTACACTTGCCAGCGCCCTAGCGCCCGCTCCTTTCGCTTTCTTCCCTTCCTTTCTCGCCACGTTCGCCGGCTTTCCCCGTCAAGCTCTAAATCGGGGGCTCCCTTTAGGGTTCCGATTTAGTGCTTTACGGCACCTCGACCCCAAAAAACTTGATTTGGGTGATGGTTCACGTAGTGGGCCATCGCCCTGATAGACGGTTTTTCGCCCTTTGACGTTGGAGTCCACGTTCTTTAATAGTGGACTCTTGTTCCAAACTGGAACAACACTCAAACCTATCTCGGGCTATTCTTTTGATTTATAAGGGATTTTGCCGATTTCGGCCTATTGGTTAAAAAATGAGCTGATTTAACAAAAATTTAACGCGAATTTTAACAAAATATTAACGTTTACAATTTGCTTTTGACTTGGCACCAATAACTGCCTTAAAAAAATTATTCTTTAACATACAGACACATACCTTCTTTCAGACCACCGGAGATGTTCATTTCACCAGTCTGCGTCGGAAACAGGTGTTCTTCGGAACAGATGATTTCCTTGCCATCTTCCAGGGTGATTTTGTAAGACTTTTTTTTAGATTTCGGGAAGACGTTCAGAACTTCGTTGTAACCCGTGTTGCTCAGTACCAGATCACCGACCTGGATGTTGGAAATTTCCTTCATACCCTGCGGGGTCTGAACCTGGGTTTTCAGATCCAAGCAGTAACCAGATTCACCTGAATCAGGATATTCTTCTAATACCTGGAATGCTGTTTTCCCGGGGATCGCAGTGGTGAGTAACCATGCATCATCAGGAGTACGGATAAAATGCTTGATGGTCGGAAGAGGCATAAATTCCGTCAGCCAGTTTAGTCTGACCATCTCATCTGTAACATCATTGGCAACGCTACCTTTGCCATGTTTCAGAAACAACTCTGGCGCATCGGGCTTCCCATACAATCGATAGATTGTCGCACCTGATTGCCCGACATTATCGCGAGCCCATTTATACCCATATAAATCAGCATCCATGTTGGAATTTAATCGCGGCCTAGAGCAAGACGTTTCCCGTTGAATATGGCTCATTTTAGCTTCCTTAGCTCCTGAAAATCTCGATAACTCAAAAAATACGCCCGGTAGTGATCTTATTTCATTATGGTGAAAGTTGGAACCTCTTACGTGCCGATCAACGTCTCATTTTCGCCAAAAGTTGGCCATGTCATACTACCACTTGCCCGATATCGGTGCCCTGTAATCTATCTGTCAGTCAACCACAGTTAGGTTCGAGCTCCCACTGTAGAGGTCCACTCCCCTCGTCACTATACCAAGTTGTCAGTGAATCCGCTAGCGTCAGTCAGGAGCTTCGGGCCTAACTAACTACTAGTCTTCGGATTCTATCGTGTTTCCCTATGACAATCCGCCGGTCTTCGTGTTCAGCACAGTCTAGCTTTCGACGTAACGTAAAGCGGTTCCTAGGAGGGTCAGCCGTTAAG
T1_QS2_018_BC29	AGATTTCGGGAAGACGTTCAGAACTTCGTTGTAACCCGTGTTGCTCAGTACCAGATCACCGACCTGGATGTTGGAAATTTCCTTCATACCCTGCGGGGTCTGAACCTGGGTTTTCAGATCCAAGCAGTAACCAGATTCACCTGAATCAGGATATTCTTCTAATACCTGGAATGCTGTTTTCCCGGGGATCGCAGTGGTGAGTAACCATGCATCATCAGGAGTACGGATAAAATGCTTGATGGTCGGAAGAGGCATAAATTCCGTCAGCCAGTTTAGTCTGACCATCTCATCTGTAACATCATTGGCAACGCTACCTTTGCCATGTTTCAGAAACAACTCTGGCGCATCGGGCTTCCCATACAATCGATAGATTGTCGCACCTGATTGCCCGACATTATCGCGAGCCCATTTATACCCATATAAATCAGCATCCATGTTGGAATTTAATCGCGGCCTAGAGCAAGACGTTTCCCGTTGAATATGGCTCATTTTAGCTTCCTTAGCTCCTGAAAATCTCGATAACTCAAAAAATACGCCCGGTAGTGATCTTATTTCATTATGGTGAAAGTTGGAACCTCTTACGTGCCGATCAACGTCTCATTTTCGCCAAAAGTTGGCCATGTCATACTACCACTTGCCCGATATCGGTGCCCTGTAATCTATCTGTCAGTCAACCACAGTTAGGTTCGAGCTCCCACTGTAGAGGTCCACTCCCCTCGTCACTATACCAAGTTGTCAGTGAATCCGCTAGCGTCAGTCAGGAGCTTCGGGCCTAACTAACTACTAGTCCTAGACACCTTGGGTTGACAGACCTGACAATCCGCCGGTCTTCGTGTTCAGCACAGTCTAGCTTTCGACGTAACGTAAAGCGGTTCCTAGGAGGGTCAGCCGTTAAGTGTTCCTGTGTCACTCAAAATTGCTTTGAGAGGCTCTAAGGGCTTCTCAGTGCGTTACATCCCTGGCTTGTTGTCCACAACCGTTAAACCTTAAAAGCTTTAAAAGCCTTATATATTCTTTTTTTTCTTATAAAACTTAAAACCTTAGAGGCTATTTAAGTTGCTGATTTATATTAATTTTATTGTTCAAACATGAGAGCTTAGTACGTTAGCCATGAGGGTTTAGTTCGTTAAACATGAGAGCTTAGTACGTTAAACATGAGAGCTTAGTACGTGAAACATGAGAGCTTAGTACGTGAAACATGAGAGCTTAGTACGTACTATCAACAGGTTGAACTGCTGATCTTCAGATCCGTCCCGGTAAACCAGCAATAGACATAAGCGGCAGTCTTAAACGCGCCCTGTAGCGGCGCATTAAGCGCGGCGGGTGTGGTGGTTACGCGCAGCGTGACCGCTACACTTGCCAGCGCCCTAGCGCCCGCTCCTTTCGCTTTCTTCCCTTCCTTTCTCGCCACGTTCGCCGGCTTTCCCCGTCAAGCTCTAAATCGGGGGCTCCCTTTAGGGTTCCGATTTAGTGCTTTACGGCACCTCGACCCCAAAAAACTTGATTTGGGTGATGGTTCACGTAGTGGGCCATCGCCCTGATAGACGGTTTTTCGCCCTTTGACGTTGGAGTCCACGTTCTTTAATAGTGGACTCTTGTTCCAAACTGGAACAACACTCAAACCTATCTCGGGCTATTCTTTTGATTTATAAGGGATTTTGCCGATTTCGGCCTATTGGTTAAAAAATGAGCTGATTTAACAAAAATTTAACGCGAATTTTAACAAAATATTAACGTTTACAATTTGCTTTTGACTTGGCACCAATAACTGCCTTAAAAAAATTATTCTTTAACATACAGACACATACCTTCTTTCAGACCACCGGAGATGTTCATTTCACCAGTCTGCGTCGGAAACAGGTGTTCTTCGGAACAGATGATTTCCTTGCCATCTTCCAGGGTGATTTTGTAAGACTTTTTTTT
T1_QS2_018_BC34	AGATTTCGGGAAGACGTTCAGAACTTCGTTGTAACCCGTGTTGCTCAGTACCAGATCACCGACCTGGATGTTGGAAATTTCCTTCATACCCTGCGGGGTCTGAACCTGGGTTTTCAGATCCAAGCAGTAACCAGATTCACCTGAATCAGGATATTCTTCTAATACCTGGAATGCTGTTTTCCCGGGGATCGCAGTGGTGAGTAACCATGCATCATCAGGAGTACGGATAAAATGCTTGATGGTCGGAAGAGGCATAAATTCCGTCAGCCAGTTTAGTCTGACCATCTCATCTGTAACATCATTGGCAACGCTACCTTTGCCATGTTTCAGAAACAACTCTGGCGCATCGGGCTTCCCATACAATCGATAGATTGTCGCACCTGATTGCCCGACATTATCGCGAGCCCATTTATACCCATATAAATCAGCATCCATGTTGGAATTTAATCGCGGCCTAGAGCAAGACGTTTCCCGTTGAATATGGCTCATTTTAGCTTCCTTAGCTCCTGAAAATCTCGATAACTCAAAAAATACGCCCGGTAGTGATCTTATTTCATTATGGTGAAAGTTGGAACCTCTTACGTGCCGATCAACGTCTCATTTTCGCCAAAAGTTGGCCATGTCATACTACCACTTGCCCGATATCGGTGCCCTGTAATCTATCTGTCAGTCAACCACAGTTAGGTTCGAGCTCCCACTGTAGAGGTCCACTCCCCTCGTCACTATACCAAGTTGTCAGTGAATCCGCTAGCGTCAGTCAGGAGCTTCGGGCCTAACTAACTACTAGTCGGACGAAGAACTCAAGTCAAAGGCTGACAATCCGCCGGTCTTCGTGTTCAGCACAGTCTAGCTTTCGACGTAACGTAAAGCGGTTCCTAGGAGGGTCAGCCGTTAAGTGTTCCTGTGTCACTCAAAATTGCTTTGAGAGGCTCTAAGGGCTTCTCAGTGCGTTACATCCCTGGCTTGTTGTCCACAACCGTTAAACCTTAAAAGCTTTAAAAGCCTTATATATTCTTTTTTTTCTTATAAAACTTAAAACCTTAGAGGCTATTTAAGTTGCTGATTTATATTAATTTTATTGTTCAAACATGAGAGCTTAGTACGTTAGCCATGAGGGTTTAGTTCGTTAAACATGAGAGCTTAGTACGTTAAACATGAGAGCTTAGTACGTGAAACATGAGAGCTTAGTACGTGAAACATGAGAGCTTAGTACGTACTATCAACAGGTTGAACTGCTGATCTTCAGATCCGTCCCGGTAAACCAGCAATAGACATAAGCGGCAGTCTTAAACGCGCCCTGTAGCGGCGCATTAAGCGCGGCGGGTGTGGTGGTTACGCGCAGCGTGACCGCTACACTTGCCAGCGCCCTAGCGCCCGCTCCTTTCGCTTTCTTCCCTTCCTTTCTCGCCACGTTCGCCGGCTTTCCCCGTCAAGCTCTAAATCGGGGGCTCCCTTTAGGGTTCCGATTTAGTGCTTTACGGCACCTCGACCCCAAAAAACTTGATTTGGGTGATGGTTCACGTAGTGGGCCATCGCCCTGATAGACGGTTTTTCGCCCTTTGACGTTGGAGTCCACGTTCTTTAATAGTGGACTCTTGTTCCAAACTGGAACAACACTCAAACCTATCTCGGGCTATTCTTTTGATTTATAAGGGATTTTGCCGATTTCGGCCTATTGGTTAAAAAATGAGCTGATTTAACAAAAATTTAACGCGAATTTTAACAAAATATTAACGTTTACAATTTGCTTTTGACTTGGCACCAATAACTGCCTTAAAAAAATTATTCTTTAACATACAGACACATACCTTCTTTCAGACCACCGGAGATGTTCATTTCACCAGTCTGCGTCGGAAACAGGTGTTCTTCGGAACAGATGATTTCCTTGCCATCTTCCAGGGTGATTTTGTAAGACTTTTTTTT
T1_QS2_018_BC49	AGATTTCGGGAAGACGTTCAGAACTTCGTTGTAACCCGTGTTGCTCAGTACCAGATCACCGACCTGGATGTTGGAAATTTCCTTCATACCCTGCGGGGTCTGAACCTGGGTTTTCAGATCCAAGCAGTAACCAGATTCACCTGAATCAGGATATTCTTCTAATACCTGGAATGCTGTTTTCCCGGGGATCGCAGTGGTGAGTAACCATGCATCATCAGGAGTACGGATAAAATGCTTGATGGTCGGAAGAGGCATAAATTCCGTCAGCCAGTTTAGTCTGACCATCTCATCTGTAACATCATTGGCAACGCTACCTTTGCCATGTTTCAGAAACAACTCTGGCGCATCGGGCTTCCCATACAATCGATAGATTGTCGCACCTGATTGCCCGACATTATCGCGAGCCCATTTATACCCATATAAATCAGCATCCATGTTGGAATTTAATCGCGGCCTAGAGCAAGACGTTTCCCGTTGAATATGGCTCATTTTAGCTTCCTTAGCTCCTGAAAATCTCGATAACTCAAAAAATACGCCCGGTAGTGATCTTATTTCATTATGGTGAAAGTTGGAACCTCTTACGTGCCGATCAACGTCTCATTTTCGCCAAAAGTTGGCCATGTCATACTACCACTTGCCCGATATCGGTGCCCTGTAATCTATCTGTCAGTCAACCACAGTTAGGTTCGAGCTCCCACTGTAGAGGTCCACTCCCCTCGTCACTATACCAAGTTGTCAGTGAATCCGCTAGCGTCAGTCAGGAGCTTCGGGCCTAACTAACTACTAGTCACTGGTGCAGCTTTGAACATCTAGTGACAATCCGCCGGTCTTCGTGTTCAGCACAGTCTAGCTTTCGACGTAACGTAAAGCGGTTCCTAGGAGGGTCAGCCGTTAAGTGTTCCTGTGTCACTCAAAATTGCTTTGAGAGGCTCTAAGGGCTTCTCAGTGCGTTACATCCCTGGCTTGTTGTCCACAACCGTTAAACCTTAAAAGCTTTAAAAGCCTTATATATTCTTTTTTTTCTTATAAAACTTAAAACCTTAGAGGCTATTTAAGTTGCTGATTTATATTAATTTTATTGTTCAAACATGAGAGCTTAGTACGTTAGCCATGAGGGTTTAGTTCGTTAAACATGAGAGCTTAGTACGTTAAACATGAGAGCTTAGTACGTGAAACATGAGAGCTTAGTACGTGAAACATGAGAGCTTAGTACGTACTATCAACAGGTTGAACTGCTGATCTTCAGATCCGTCCCGGTAAACCAGCAATAGACATAAGCGGCAGTCTTAAACGCGCCCTGTAGCGGCGCATTAAGCGCGGCGGGTGTGGTGGTTACGCGCAGCGTGACCGCTACACTTGCCAGCGCCCTAGCGCCCGCTCCTTTCGCTTTCTTCCCTTCCTTTCTCGCCACGTTCGCCGGCTTTCCCCGTCAAGCTCTAAATCGGGGGCTCCCTTTAGGGTTCCGATTTAGTGCTTTACGGCACCTCGACCCCAAAAAACTTGATTTGGGTGATGGTTCACGTAGTGGGCCATCGCCCTGATAGACGGTTTTTCGCCCTTTGACGTTGGAGTCCACGTTCTTTAATAGTGGACTCTTGTTCCAAACTGGAACAACACTCAAACCTATCTCGGGCTATTCTTTTGATTTATAAGGGATTTTGCCGATTTCGGCCTATTGGTTAAAAAATGAGCTGATTTAACAAAAATTTAACGCGAATTTTAACAAAATATTAACGTTTACAATTTGCTTTTGACTTGGCACCAATAACTGCCTTAAAAAAATTATTCTTTAACATACAGACACATACCTTCTTTCAGACCACCGGAGATGTTCATTTCACCAGTCTGCGTCGGAAACAGGTGTTCTTCGGAACAGATGATTTCCTTGCCATCTTCCAGGGTGATTTTGTAAGACTTTTTTTT
T1_QS2_018_BC89	TGTTCCTGTGTCACTCAAAATTGCTTTGAGAGGCTCTAAGGGCTTCTCAGTGCGTTACATCCCTGGCTTGTTGTCCACAACCGTTAAACCTTAAAAGCTTTAAAAGCCTTATATATTCTTTTTTTTCTTATAAAACTTAAAACCTTAGAGGCTATTTAAGTTGCTGATTTATATTAATTTTATTGTTCAAACATGAGAGCTTAGTACGTTAGCCATGAGGGTTTAGTTCGTTAAACATGAGAGCTTAGTACGTTAAACATGAGAGCTTAGTACGTGAAACATGAGAGCTTAGTACGTGAAACATGAGAGCTTAGTACGTACTATCAACAGGTTGAACTGCTGATCTTCAGATCCGTCCCGGTAAACCAGCAATAGACATAAGCGGCAGTCTTAAACGCGCCCTGTAGCGGCGCATTAAGCGCGGCGGGTGTGGTGGTTACGCGCAGCGTGACCGCTACACTTGCCAGCGCCCTAGCGCCCGCTCCTTTCGCTTTCTTCCCTTCCTTTCTCGCCACGTTCGCCGGCTTTCCCCGTCAAGCTCTAAATCGGGGGCTCCCTTTAGGGTTCCGATTTAGTGCTTTACGGCACCTCGACCCCAAAAAACTTGATTTGGGTGATGGTTCACGTAGTGGGCCATCGCCCTGATAGACGGTTTTTCGCCCTTTGACGTTGGAGTCCACGTTCTTTAATAGTGGACTCTTGTTCCAAACTGGAACAACACTCAAACCTATCTCGGGCTATTCTTTTGATTTATAAGGGATTTTGCCGATTTCGGCCTATTGGTTAAAAAATGAGCTGATTTAACAAAAATTTAACGCGAATTTTAACAAAATATTAACGTTTACAATTTGCTTTTGACTTGGCACCAATAACTGCCTTAAAAAAATTATTCTTTAACATACAGACACATACCTTCTTTCAGACCACCGGAGATGTTCATTTCACCAGTCTGCGTCGGAAACAGGTGTTCTTCGGAACAGATGATTTCCTTGCCATCTTCCAGGGTGATTTTGTAAGACTTTTTTTTAGATTTCGGGAAGACGTTCAGAACTTCGTTGTAACCCGTGTTGCTCAGTACCAGATCACCGACCTGGATGTTGGAAATTTCCTTCATACCCTGCGGGGTCTGAACCTGGGTTTTCAGATCCAAGCAGTAACCAGATTCACCTGAATCAGGATATTCTTCTAATACCTGGAATGCTGTTTTCCCGGGGATCGCAGTGGTGAGTAACCATGCATCATCAGGAGTACGGATAAAATGCTTGATGGTCGGAAGAGGCATAAATTCCGTCAGCCAGTTTAGTCTGACCATCTCATCTGTAACATCATTGGCAACGCTACCTTTGCCATGTTTCAGAAACAACTCTGGCGCATCGGGCTTCCCATACAATCGATAGATTGTCGCACCTGATTGCCCGACATTATCGCGAGCCCATTTATACCCATATAAATCAGCATCCATGTTGGAATTTAATCGCGGCCTAGAGCAAGACGTTTCCCGTTGAATATGGCTCATTTTAGCTTCCTTAGCTCCTGAAAATCTCGATAACTCAAAAAATACGCCCGGTAGTGATCTTATTTCATTATGGTGAAAGTTGGAACCTCTTACGTGCCGATCAACGTCTCATTTTCGCCAAAAGTTGGCCATGTCATACTACCACTTGCCCGATATCGGTGCCCTGTAATCTATCTGTCAGTCAACCACAGTTAGGTTCGAGCTCCCACTGTAGAGGTCCACTCCCCTCGTCACTATACCAAGTTGTCAGTGAATCCGCTAGCGTCAGTCAGGAGCTTCGGGCCTAACTAACTACTAGTCACAGCATCAATGTTTGGCTAGTTGTGACAATCCGCCGGTCTTCGTGTTCAGCACAGTCTAGCTTTCGACGTAACGTAAAGCGGTTCCTAGGAGGGTCAGCCGTTAAG
T1_QS2_019_BC15	AGATTTCGGGAAGACGTTCAGAACTTCGTTGTAACCCGTGTTGCTCAGTACCAGATCACCGACCTGGATGTTGGAAATTTCCTTCATACCCTGCGGGGTCTGAACCTGGGTTTTCAGATCCAAGCAGTAACCAGATTCACCTGAATCAGGATATTCTTCTAATACCTGGAATGCTGTTTTCCCGGGGATCGCAGTGGTGAGTAACCATGCATCATCAGGAGTACGGATAAAATGCTTGATGGTCGGAAGAGGCATAAATTCCGTCAGCCAGTTTAGTCTGACCATCTCATCTGTAACATCATTGGCAACGCTACCTTTGCCATGTTTCAGAAACAACTCTGGCGCATCGGGCTTCCCATACAATCGATAGATTGTCGCACCTGATTGCCCGACATTATCGCGAGCCCATTTATACCCATATAAATCAGCATCCATGTTGGAATTTAATCGCGGCCTAGAGCAAGACGTTTCCCGTTGAATATGGCTCATTTTAGCTTCCTTAGCTCCTGAAAATCTCGATAACTCAAAAAATACGCCCGGTAGTGATCTTATTTCATTATGGTGAAAGTTGGAACCTCTTACGTGCCGATCAACGTCTCATTTTCGCCAAAAGTTGGCCATGTCATCTCTGATACACCGTCACTTCCAGTGCCCTGTAATCTATCTGTCAGTCACTCAGCACACAACCCCGGATATCAGTCACAAGGTCCACTCCCCTCGTCACTATACCAAAAAGCGAACCAGGGATTACTGTGGTCAGTCAGGAGCTTCGGGCCTAACTAACTACTAGTCAGGTCTACCTCGCTAACACCACTGTGACAATCCGCCGGTCTTCGTGTTCAGCACAGTCTAGCTTTCGACGTAACGTAAAGCGGTTCCTAGGAGGGTCAGCCGTTAAGTGTTCCTGTGTCACTCAAAATTGCTTTGAGAGGCTCTAAGGGCTTCTCAGTGCGTTACATCCCTGGCTTGTTGTCCACAACCGTTAAACCTTAAAAGCTTTAAAAGCCTTATATATTCTTTTTTTTCTTATAAAACTTAAAACCTTAGAGGCTATTTAAGTTGCTGATTTATATTAATTTTATTGTTCAAACATGAGAGCTTAGTACGTTAGCCATGAGGGTTTAGTTCGTTAAACATGAGAGCTTAGTACGTTAAACATGAGAGCTTAGTACGTGAAACATGAGAGCTTAGTACGTGAAACATGAGAGCTTAGTACGTACTATCAACAGGTTGAACTGCTGATCTTCAGATCCGTCCCGGTAAACCAGCAATAGACATAAGCGGCAGTCTTAAACGCGCCCTGTAGCGGCGCATTAAGCGCGGCGGGTGTGGTGGTTACGCGCAGCGTGACCGCTACACTTGCCAGCGCCCTAGCGCCCGCTCCTTTCGCTTTCTTCCCTTCCTTTCTCGCCACGTTCGCCGGCTTTCCCCGTCAAGCTCTAAATCGGGGGCTCCCTTTAGGGTTCCGATTTAGTGCTTTACGGCACCTCGACCCCAAAAAACTTGATTTGGGTGATGGTTCACGTAGTGGGCCATCGCCCTGATAGACGGTTTTTCGCCCTTTGACGTTGGAGTCCACGTTCTTTAATAGTGGACTCTTGTTCCAAACTGGAACAACACTCAAACCTATCTCGGGCTATTCTTTTGATTTATAAGGGATTTTGCCGATTTCGGCCTATTGGTTAAAAAATGAGCTGATTTAACAAAAATTTAACGCGAATTTTAACAAAATATTAACGTTTACAATTTGCTTTTGACTTGGCACCAATAACTGCCTTAAAAAAATTATTCTTTAACATACAGACACATACCTTCTTTCAGACCACCGGAGATGTTCATTTCACCAGTCTGCGTCGGAAACAGGTGTTCTTCGGAACAGATGATTTCCTTGCCATCTTCCAGGGTGATTTTGTAAGACTTTTTTTT
T1_QS2_019_BC20	AGATTTCGGGAAGACGTTCAGAACTTCGTTGTAACCCGTGTTGCTCAGTACCAGATCACCGACCTGGATGTTGGAAATTTCCTTCATACCCTGCGGGGTCTGAACCTGGGTTTTCAGATCCAAGCAGTAACCAGATTCACCTGAATCAGGATATTCTTCTAATACCTGGAATGCTGTTTTCCCGGGGATCGCAGTGGTGAGTAACCATGCATCATCAGGAGTACGGATAAAATGCTTGATGGTCGGAAGAGGCATAAATTCCGTCAGCCAGTTTAGTCTGACCATCTCATCTGTAACATCATTGGCAACGCTACCTTTGCCATGTTTCAGAAACAACTCTGGCGCATCGGGCTTCCCATACAATCGATAGATTGTCGCACCTGATTGCCCGACATTATCGCGAGCCCATTTATACCCATATAAATCAGCATCCATGTTGGAATTTAATCGCGGCCTAGAGCAAGACGTTTCCCGTTGAATATGGCTCATTTTAGCTTCCTTAGCTCCTGAAAATCTCGATAACTCAAAAAATACGCCCGGTAGTGATCTTATTTCATTATGGTGAAAGTTGGAACCTCTTACGTGCCGATCAACGTCTCATTTTCGCCAAAAGTTGGCCATGTCATCTCTGATACACCGTCACTTCCAGTGCCCTGTAATCTATCTGTCAGTCACTCAGCACACAACCCCGGATATCAGTCACAAGGTCCACTCCCCTCGTCACTATACCAAAAAGCGAACCAGGGATTACTGTGGTCAGTCAGGAGCTTCGGGCCTAACTAACTACTAGTCTTGCGTCCTGTTACGAGAACTCATTGACAATCCGCCGGTCTTCGTGTTCAGCACAGTCTAGCTTTCGACGTAACGTAAAGCGGTTCCTAGGAGGGTCAGCCGTTAAGTGTTCCTGTGTCACTCAAAATTGCTTTGAGAGGCTCTAAGGGCTTCTCAGTGCGTTACATCCCTGGCTTGTTGTCCACAACCGTTAAACCTTAAAAGCTTTAAAAGCCTTATATATTCTTTTTTTTCTTATAAAACTTAAAACCTTAGAGGCTATTTAAGTTGCTGATTTATATTAATTTTATTGTTCAAACATGAGAGCTTAGTACGTTAGCCATGAGGGTTTAGTTCGTTAAACATGAGAGCTTAGTACGTTAAACATGAGAGCTTAGTACGTGAAACATGAGAGCTTAGTACGTGAAACATGAGAGCTTAGTACGTACTATCAACAGGTTGAACTGCTGATCTTCAGATCCGTCCCGGTAAACCAGCAATAGACATAAGCGGCAGTCTTAAACGCGCCCTGTAGCGGCGCATTAAGCGCGGCGGGTGTGGTGGTTACGCGCAGCGTGACCGCTACACTTGCCAGCGCCCTAGCGCCCGCTCCTTTCGCTTTCTTCCCTTCCTTTCTCGCCACGTTCGCCGGCTTTCCCCGTCAAGCTCTAAATCGGGGGCTCCCTTTAGGGTTCCGATTTAGTGCTTTACGGCACCTCGACCCCAAAAAACTTGATTTGGGTGATGGTTCACGTAGTGGGCCATCGCCCTGATAGACGGTTTTTCGCCCTTTGACGTTGGAGTCCACGTTCTTTAATAGTGGACTCTTGTTCCAAACTGGAACAACACTCAAACCTATCTCGGGCTATTCTTTTGATTTATAAGGGATTTTGCCGATTTCGGCCTATTGGTTAAAAAATGAGCTGATTTAACAAAAATTTAACGCGAATTTTAACAAAATATTAACGTTTACAATTTGCTTTTGACTTGGCACCAATAACTGCCTTAAAAAAATTATTCTTTAACATACAGACACATACCTTCTTTCAGACCACCGGAGATGTTCATTTCACCAGTCTGCGTCGGAAACAGGTGTTCTTCGGAACAGATGATTTCCTTGCCATCTTCCAGGGTGATTTTGTAAGACTTTTTTTT
T1_QS2_019_BC35	TGTTCCTGTGTCACTCAAAATTGCTTTGAGAGGCTCTAAGGGCTTCTCAGTGCGTTACATCCCTGGCTTGTTGTCCACAACCGTTAAACCTTAAAAGCTTTAAAAGCCTTATATATTCTTTTTTTTCTTATAAAACTTAAAACCTTAGAGGCTATTTAAGTTGCTGATTTATATTAATTTTATTGTTCAAACATGAGAGCTTAGTACGTTAGCCATGAGGGTTTAGTTCGTTAAACATGAGAGCTTAGTACGTTAAACATGAGAGCTTAGTACGTGAAACATGAGAGCTTAGTACGTGAAACATGAGAGCTTAGTACGTACTATCAACAGGTTGAACTGCTGATCTTCAGATCCGTCCCGGTAAACCAGCAATAGACATAAGCGGCAGTCTTAAACGCGCCCTGTAGCGGCGCATTAAGCGCGGCGGGTGTGGTGGTTACGCGCAGCGTGACCGCTACACTTGCCAGCGCCCTAGCGCCCGCTCCTTTCGCTTTCTTCCCTTCCTTTCTCGCCACGTTCGCCGGCTTTCCCCGTCAAGCTCTAAATCGGGGGCTCCCTTTAGGGTTCCGATTTAGTGCTTTACGGCACCTCGACCCCAAAAAACTTGATTTGGGTGATGGTTCACGTAGTGGGCCATCGCCCTGATAGACGGTTTTTCGCCCTTTGACGTTGGAGTCCACGTTCTTTAATAGTGGACTCTTGTTCCAAACTGGAACAACACTCAAACCTATCTCGGGCTATTCTTTTGATTTATAAGGGATTTTGCCGATTTCGGCCTATTGGTTAAAAAATGAGCTGATTTAACAAAAATTTAACGCGAATTTTAACAAAATATTAACGTTTACAATTTGCTTTTGACTTGGCACCAATAACTGCCTTAAAAAAATTATTCTTTAACATACAGACACATACCTTCTTTCAGACCACCGGAGATGTTCATTTCACCAGTCTGCGTCGGAAACAGGTGTTCTTCGGAACAGATGATTTCCTTGCCATCTTCCAGGGTGATTTTGTAAGACTTTTTTTTAGATTTCGGGAAGACGTTCAGAACTTCGTTGTAACCCGTGTTGCTCAGTACCAGATCACCGACCTGGATGTTGGAAATTTCCTTCATACCCTGCGGGGTCTGAACCTGGGTTTTCAGATCCAAGCAGTAACCAGATTCACCTGAATCAGGATATTCTTCTAATACCTGGAATGCTGTTTTCCCGGGGATCGCAGTGGTGAGTAACCATGCATCATCAGGAGTACGGATAAAATGCTTGATGGTCGGAAGAGGCATAAATTCCGTCAGCCAGTTTAGTCTGACCATCTCATCTGTAACATCATTGGCAACGCTACCTTTGCCATGTTTCAGAAACAACTCTGGCGCATCGGGCTTCCCATACAATCGATAGATTGTCGCACCTGATTGCCCGACATTATCGCGAGCCCATTTATACCCATATAAATCAGCATCCATGTTGGAATTTAATCGCGGCCTAGAGCAAGACGTTTCCCGTTGAATATGGCTCATTTTAGCTTCCTTAGCTCCTGAAAATCTCGATAACTCAAAAAATACGCCCGGTAGTGATCTTATTTCATTATGGTGAAAGTTGGAACCTCTTACGTGCCGATCAACGTCTCATTTTCGCCAAAAGTTGGCCATGTCATCTCTGATACACCGTCACTTCCAGTGCCCTGTAATCTATCTGTCAGTCACTCAGCACACAACCCCGGATATCAGTCACAAGGTCCACTCCCCTCGTCACTATACCAAAAAGCGAACCAGGGATTACTGTGGTCAGTCAGGAGCTTCGGGCCTAACTAACTACTAGTCCTACTTACGAAGCTGAGGGACTGCTGACAATCCGCCGGTCTTCGTGTTCAGCACAGTCTAGCTTTCGACGTAACGTAAAGCGGTTCCTAGGAGGGTCAGCCGTTAAG
T1_QS2_019_BC60	TGTTCCTGTGTCACTCAAAATTGCTTTGAGAGGCTCTAAGGGCTTCTCAGTGCGTTACATCCCTGGCTTGTTGTCCACAACCGTTAAACCTTAAAAGCTTTAAAAGCCTTATATATTCTTTTTTTTCTTATAAAACTTAAAACCTTAGAGGCTATTTAAGTTGCTGATTTATATTAATTTTATTGTTCAAACATGAGAGCTTAGTACGTTAGCCATGAGGGTTTAGTTCGTTAAACATGAGAGCTTAGTACGTTAAACATGAGAGCTTAGTACGTGAAACATGAGAGCTTAGTACGTGAAACATGAGAGCTTAGTACGTACTATCAACAGGTTGAACTGCTGATCTTCAGATCCGTCCCGGTAAACCAGCAATAGACATAAGCGGCAGTCTTAAACGCGCCCTGTAGCGGCGCATTAAGCGCGGCGGGTGTGGTGGTTACGCGCAGCGTGACCGCTACACTTGCCAGCGCCCTAGCGCCCGCTCCTTTCGCTTTCTTCCCTTCCTTTCTCGCCACGTTCGCCGGCTTTCCCCGTCAAGCTCTAAATCGGGGGCTCCCTTTAGGGTTCCGATTTAGTGCTTTACGGCACCTCGACCCCAAAAAACTTGATTTGGGTGATGGTTCACGTAGTGGGCCATCGCCCTGATAGACGGTTTTTCGCCCTTTGACGTTGGAGTCCACGTTCTTTAATAGTGGACTCTTGTTCCAAACTGGAACAACACTCAAACCTATCTCGGGCTATTCTTTTGATTTATAAGGGATTTTGCCGATTTCGGCCTATTGGTTAAAAAATGAGCTGATTTAACAAAAATTTAACGCGAATTTTAACAAAATATTAACGTTTACAATTTGCTTTTGACTTGGCACCAATAACTGCCTTAAAAAAATTATTCTTTAACATACAGACACATACCTTCTTTCAGACCACCGGAGATGTTCATTTCACCAGTCTGCGTCGGAAACAGGTGTTCTTCGGAACAGATGATTTCCTTGCCATCTTCCAGGGTGATTTTGTAAGACTTTTTTTTAGATTTCGGGAAGACGTTCAGAACTTCGTTGTAACCCGTGTTGCTCAGTACCAGATCACCGACCTGGATGTTGGAAATTTCCTTCATACCCTGCGGGGTCTGAACCTGGGTTTTCAGATCCAAGCAGTAACCAGATTCACCTGAATCAGGATATTCTTCTAATACCTGGAATGCTGTTTTCCCGGGGATCGCAGTGGTGAGTAACCATGCATCATCAGGAGTACGGATAAAATGCTTGATGGTCGGAAGAGGCATAAATTCCGTCAGCCAGTTTAGTCTGACCATCTCATCTGTAACATCATTGGCAACGCTACCTTTGCCATGTTTCAGAAACAACTCTGGCGCATCGGGCTTCCCATACAATCGATAGATTGTCGCACCTGATTGCCCGACATTATCGCGAGCCCATTTATACCCATATAAATCAGCATCCATGTTGGAATTTAATCGCGGCCTAGAGCAAGACGTTTCCCGTTGAATATGGCTCATTTTAGCTTCCTTAGCTCCTGAAAATCTCGATAACTCAAAAAATACGCCCGGTAGTGATCTTATTTCATTATGGTGAAAGTTGGAACCTCTTACGTGCCGATCAACGTCTCATTTTCGCCAAAAGTTGGCCATGTCATCTCTGATACACCGTCACTTCCAGTGCCCTGTAATCTATCTGTCAGTCACTCAGCACACAACCCCGGATATCAGTCACAAGGTCCACTCCCCTCGTCACTATACCAAAAAGCGAACCAGGGATTACTGTGGTCAGTCAGGAGCTTCGGGCCTAACTAACTACTAGTCCATGTTCAACCAAGGCTTCTATGGTGACAATCCGCCGGTCTTCGTGTTCAGCACAGTCTAGCTTTCGACGTAACGTAAAGCGGTTCCTAGGAGGGTCAGCCGTTAAG
T1_QS2_019_BC95	AGATTTCGGGAAGACGTTCAGAACTTCGTTGTAACCCGTGTTGCTCAGTACCAGATCACCGACCTGGATGTTGGAAATTTCCTTCATACCCTGCGGGGTCTGAACCTGGGTTTTCAGATCCAAGCAGTAACCAGATTCACCTGAATCAGGATATTCTTCTAATACCTGGAATGCTGTTTTCCCGGGGATCGCAGTGGTGAGTAACCATGCATCATCAGGAGTACGGATAAAATGCTTGATGGTCGGAAGAGGCATAAATTCCGTCAGCCAGTTTAGTCTGACCATCTCATCTGTAACATCATTGGCAACGCTACCTTTGCCATGTTTCAGAAACAACTCTGGCGCATCGGGCTTCCCATACAATCGATAGATTGTCGCACCTGATTGCCCGACATTATCGCGAGCCCATTTATACCCATATAAATCAGCATCCATGTTGGAATTTAATCGCGGCCTAGAGCAAGACGTTTCCCGTTGAATATGGCTCATTTTAGCTTCCTTAGCTCCTGAAAATCTCGATAACTCAAAAAATACGCCCGGTAGTGATCTTATTTCATTATGGTGAAAGTTGGAACCTCTTACGTGCCGATCAACGTCTCATTTTCGCCAAAAGTTGGCCATGTCATCTCTGATACACCGTCACTTCCAGTGCCCTGTAATCTATCTGTCAGTCACTCAGCACACAACCCCGGATATCAGTCACAAGGTCCACTCCCCTCGTCACTATACCAAAAAGCGAACCAGGGATTACTGTGGTCAGTCAGGAGCTTCGGGCCTAACTAACTACTAGTCCCTGTCTGGAAGAAGAATGGACTTTGACAATCCGCCGGTCTTCGTGTTCAGCACAGTCTAGCTTTCGACGTAACGTAAAGCGGTTCCTAGGAGGGTCAGCCGTTAAGTGTTCCTGTGTCACTCAAAATTGCTTTGAGAGGCTCTAAGGGCTTCTCAGTGCGTTACATCCCTGGCTTGTTGTCCACAACCGTTAAACCTTAAAAGCTTTAAAAGCCTTATATATTCTTTTTTTTCTTATAAAACTTAAAACCTTAGAGGCTATTTAAGTTGCTGATTTATATTAATTTTATTGTTCAAACATGAGAGCTTAGTACGTTAGCCATGAGGGTTTAGTTCGTTAAACATGAGAGCTTAGTACGTTAAACATGAGAGCTTAGTACGTGAAACATGAGAGCTTAGTACGTGAAACATGAGAGCTTAGTACGTACTATCAACAGGTTGAACTGCTGATCTTCAGATCCGTCCCGGTAAACCAGCAATAGACATAAGCGGCAGTCTTAAACGCGCCCTGTAGCGGCGCATTAAGCGCGGCGGGTGTGGTGGTTACGCGCAGCGTGACCGCTACACTTGCCAGCGCCCTAGCGCCCGCTCCTTTCGCTTTCTTCCCTTCCTTTCTCGCCACGTTCGCCGGCTTTCCCCGTCAAGCTCTAAATCGGGGGCTCCCTTTAGGGTTCCGATTTAGTGCTTTACGGCACCTCGACCCCAAAAAACTTGATTTGGGTGATGGTTCACGTAGTGGGCCATCGCCCTGATAGACGGTTTTTCGCCCTTTGACGTTGGAGTCCACGTTCTTTAATAGTGGACTCTTGTTCCAAACTGGAACAACACTCAAACCTATCTCGGGCTATTCTTTTGATTTATAAGGGATTTTGCCGATTTCGGCCTATTGGTTAAAAAATGAGCTGATTTAACAAAAATTTAACGCGAATTTTAACAAAATATTAACGTTTACAATTTGCTTTTGACTTGGCACCAATAACTGCCTTAAAAAAATTATTCTTTAACATACAGACACATACCTTCTTTCAGACCACCGGAGATGTTCATTTCACCAGTCTGCGTCGGAAACAGGTGTTCTTCGGAACAGATGATTTCCTTGCCATCTTCCAGGGTGATTTTGTAAGACTTTTTTTT