well_position,name,sequence
A1,T1_QS2_010_BC78,TCTCATTTTCGCCAAAAGTTGGCCATGTCAGCAGTGCTTTGACCGTGAGTAGTGCCCTGTAATCTATCTGTCAGTCAAAACCCGAGAGTCCCCTAGTAGGTTCGAACAGGTCCACTCCCCTCGTCACTATACCAACTTGTTTCGTGCAGAGAGACCGTCAGTCAGGAGCTTCGGGCCTAACTAACTACTAGTCAACAACCGAACCTTTGAATCAGAATGACAATCCGCCGGTCTTCGTGTTCAGCACAGTCTAGCTTTCGACGTAACGTAAAGCGGTTCCTAGGAGGGTCAGCCGTTAAG
A2,T1_QS2_018_BC14,TCTCATTTTCGCCAAAAGTTGGCCATGTCATACTACCACTTGCCCGATATCGGTGCCCTGTAATCTATCTGTCAGTCAACCACAGTTAGGTTCGAGCTCCCACTGTAGAGGTCCACTCCCCTCGTCACTATACCAAGTTGTCAGTGAATCCGCTAGCGTCAGTCAGGAGCTTCGGGCCTAACTAACTACTAGTCAACGAGTCTCTTGGGACCCATAGATGACAATCCGCCGGTCTTCGTGTTCAGCACAGTCTAGCTTTCGACGTAACGTAAAGCGGTTCCTAGGAGGGTCAGCCGTTAAG
A3,T1_QS2_019_BC85,TCTCATTTTCGCCAAAAGTTGGCCATGTCATCTCTGATACACCGTCACTTCCAGTGCCCTGTAATCTATCTGTCAGTCACTCAGCACACAACCCCGGATATCAGTCACAAGGTCCACTCCCCTCGTCACTATACCAAAAAGCGAACCAGGGATTACTGTGGTCAGTCAGGAGCTTCGGGCCTAACTAACTACTAGTCAACGGAGGAGTTAGTTGGATGATCTGACAATCCGCCGGTCTTCGTGTTCAGCACAGTCTAGCTTTCGACGTAACGTAAAGCGGTTCCTAGGAGGGTCAGCCGTTAAG
A4,T1_QS2_018_BC09,TCTCATTTTCGCCAAAAGTTGGCCATGTCATACTACCACTTGCCCGATATCGGTGCCCTGTAATCTATCTGTCAGTCAACCACAGTTAGGTTCGAGCTCCCACTGTAGAGGTCCACTCCCCTCGTCACTATACCAAGTTGTCAGTGAATCCGCTAGCGTCAGTCAGGAGCTTCGGGCCTAACTAACTACTAGTCAACTAGGCACAGCGAGTCTTGGTTTGACAATCCGCCGGTCTTCGTGTTCAGCACAGTCTAGCTTTCGACGTAACGTAAAGCGGTTCCTAGGAGGGTCAGCCGTTAAG
A5,T1_QS2_010_BC73,TCTCATTTTCGCCAAAAGTTGGCCATGTCAGCAGTGCTTTGACCGTGAGTAGTGCCCTGTAATCTATCTGTCAGTCAAAACCCGAGAGTCCCCTAGTAGGTTCGAACAGGTCCACTCCCCTCGTCACTATACCAACTTGTTTCGTGCAGAGAGACCGTCAGTCAGGAGCTTCGGGCCTAACTAACTACTAGTCAAGAAACAGGATGACAGAACCCTCTGACAATCCGCCGGTCTTCGTGTTCAGCACAGTCTAGCTTTCGACGTAACGTAAAGCGGTTCCTAGGAGGGTCAGCCGTTAAG
A6,T1_QS2_004_BC01,TCTCATTTTCGCCAAAAGTTGGCCATGTCAGTGGTCACTTACGTACTCTTTCGGTGCCCTGTAATCTATCTGTCAGTCAAGATACCCAACTCACTCGTTGTCTCCAGGGAGGTCCACTCCCCTCGTCACTATACCAAACAAGCGTGTGCGATAAGCCAGTCAGTCAGGAGCTTCGGGCCTAACTAACTACTAGTCAAGAAAGTTGTCGGTGTCTTTGTGTGACAATCCGCCGGTCTTCGTGTTCAGCACAGTCTAGCTTTCGACGTAACGTAAAGCGGTTCCTAGGAGGGTCAGCCGTTAAG
A7,T1_QS2_019_BC10,TCTCATTTTCGCCAAAAGTTGGCCATGTCATCTCTGATACACCGTCACTTCCAGTGCCCTGTAATCTATCTGTCAGTCACTCAGCACACAACCCCGGATATCAGTCACAAGGTCCACTCCCCTCGTCACTATACCAAAAAGCGAACCAGGGATTACTGTGGTCAGTCAGGAGCTTCGGGCCTAACTAACTACTAGTCAAGCGTTGAAACCTTTGTCCTCTCTGACAATCCGCCGGTCTTCGTGTTCAGCACAGTCTAGCTTTCGACGTAACGTAAAGCGGTTCCTAGGAGGGTCAGCCGTTAAG
A8,T1_QS2_018_BC89,TCTCATTTTCGCCAAAAGTTGGCCATGTCATACTACCACTTGCCCGATATCGGTGCCCTGTAATCTATCTGTCAGTCAACCACAGTTAGGTTCGAGCTCCCACTGTAGAGGTCCACTCCCCTCGTCACTATACCAAGTTGTCAGTGAATCCGCTAGCGTCAGTCAGGAGCTTCGGGCCTAACTAACTACTAGTCACAGCATCAATGTTTGGCTAGTTGTGACAATCCGCCGGTCTTCGTGTTCAGCACAGTCTAGCTTTCGACGTAACGTAAAGCGGTTCCTAGGAGGGTCAGCCGTTAAG
A9,T1_QS2_010_BC38,TCTCATTTTCGCCAAAAGTTGGCCATGTCAGCAGTGCTTTGACCGTGAGTAGTGCCCTGTAATCTATCTGTCAGTCAAAACCCGAGAGTCCCCTAGTAGGTTCGAACAGGTCCACTCCCCTCGTCACTATACCAACTTGTTTCGTGCAGAGAGACCGTCAGTCAGGAGCTTCGGGCCTAACTAACTACTAGTCACCACAGGAGGACGATACAGAGAATGACAATCCGCCGGTCTTCGTGTTCAGCACAGTCTAGCTTTCGACGTAACGTAAAGCGGTTCCTAGGAGGGTCAGCCGTTAAG
A10,T1_QS2_007_BC22,TCTCATTTTCGCCAAAAGTTGGCCATGTCACGAGAGCCAAGGATAGTAGTCGTGCCCTGTAATCTATCTGTCAGTCACTCCCTCTAGGCTTTGTCACTTCACTCCAGAGGTCCACTCCCCTCGTCACTATACCAATTGACTCCGTTGTCCCTGAGATGTCAGTCAGGAGCTTCGGGCCTAACTAACTACTAGTCACCACTGCCATGTATCAAAGTACGTGACAATCCGCCGGTCTTCGTGTTCAGCACAGTCTAGCTTTCGACGTAACGTAAAGCGGTTCCTAGGAGGGTCAGCCGTTAAG
A11,T1_QS2_007_BC17,TCTCATTTTCGCCAAAAGTTGGCCATGTCACGAGAGCCAAGGATAGTAGTCGTGCCCTGTAATCTATCTGTCAGTCACTCCCTCTAGGCTTTGTCACTTCACTCCAGAGGTCCACTCCCCTCGTCACTATACCAATTGACTCCGTTGTCCCTGAGATGTCAGTCAGGAGCTTCGGGCCTAACTAACTACTAGTCACCCTCCAGGAAAGTACCTCTGATTGACAATCCGCCGGTCTTCGTGTTCAGCACAGTCTAGCTTTCGACGTAACGTAAAGCGGTTCCTAGGAGGGTCAGCCGTTAAG
A12,T1_QS2_019_BC70,TCTCATTTTCGCCAAAAGTTGGCCATGTCATCTCTGATACACCGTCACTTCCAGTGCCCTGTAATCTATCTGTCAGTCACTCAGCACACAACCCCGGATATCAGTCACAAGGTCCACTCCCCTCGTCACTATACCAAAAAGCGAACCAGGGATTACTGTGGTCAGTCAGGAGCTTCGGGCCTAACTAACTACTAGTCACCGAGATCCTACGAATGGAGTGTTGACAATCCGCCGGTCTTCGTGTTCAGCACAGTCTAGCTTTCGACGTAACGTAAAGCGGTTCCTAGGAGGGTCAGCCGTTAAG
B1,T1_QS2_007_BC82,TCTCATTTTCGCCAAAAGTTGGCCATGTCACGAGAGCCAAGGATAGTAGTCGTGCCCTGTAATCTATCTGTCAGTCACTCCCTCTAGGCTTTGTCACTTCACTCCAGAGGTCCACTCCCCTCGTCACTATACCAATTGACTCCGTTGTCCCTGAGATGTCAGTCAGGAGCTTCGGGCCTAACTAACTACTAGTCACGGTATGTCGAGTTCCAGGACTATGACAATCCGCCGGTCTTCGTGTTCAGCACAGTCTAGCTTTCGACGTAACGTAAAGCGGTTCCTAGGAGGGTCAGCCGTTAAG
B2,T1_QS2_018_BC49,TCTCATTTTCGCCAAAAGTTGGCCATGTCATACTACCACTTGCCCGATATCGGTGCCCTGTAATCTATCTGTCAGTCAACCACAGTTAGGTTCGAGCTCCCACTGTAGAGGTCCACTCCCCTCGTCACTATACCAAGTTGTCAGTGAATCCGCTAGCGTCAGTCAGGAGCTTCGGGCCTAACTAACTACTAGTCACTGGTGCAGCTTTGAACATCTAGTGACAATCCGCCGGTCTTCGTGTTCAGCACAGTCTAGCTTTCGACGTAACGTAAAGCGGTTCCTAGGAGGGTCAGCCGTTAAG
B3,T1_QS2_010_BC13,TCTCATTTTCGCCAAAAGTTGGCCATGTCAGCAGTGCTTTGACCGTGAGTAGTGCCCTGTAATCTATCTGTCAGTCAAAACCCGAGAGTCCCCTAGTAGGTTCGAACAGGTCCACTCCCCTCGTCACTATACCAACTTGTTTCGTGCAGAGAGACCGTCAGTCAGGAGCTTCGGGCCTAACTAACTACTAGTCAGAACGACTTCCATACTCGTGTGATGACAATCCGCCGGTCTTCGTGTTCAGCACAGTCTAGCTTTCGACGTAACGTAAAGCGGTTCCTAGGAGGGTCAGCCGTTAAG
B4,T1_QS2_004_BC61,TCTCATTTTCGCCAAAAGTTGGCCATGTCAGTGGTCACTTACGTACTCTTTCGGTGCCCTGTAATCTATCTGTCAGTCAAGATACCCAACTCACTCGTTGTCTCCAGGGAGGTCCACTCCCCTCGTCACTATACCAAACAAGCGTGTGCGATAAGCCAGTCAGTCAGGAGCTTCGGGCCTAACTAACTACTAGTCAGAGGGTACTATGTGCCTCAGCACTGACAATCCGCCGGTCTTCGTGTTCAGCACAGTCTAGCTTTCGACGTAACGTAAAGCGGTTCCTAGGAGGGTCAGCCGTTAAG
B5,T1_QS2_010_BC53,TCTCATTTTCGCCAAAAGTTGGCCATGTCAGCAGTGCTTTGACCGTGAGTAGTGCCCTGTAATCTATCTGTCAGTCAAAACCCGAGAGTCCCCTAGTAGGTTCGAACAGGTCCACTCCCCTCGTCACTATACCAACTTGTTTCGTGCAGAGAGACCGTCAGTCAGGAGCTTCGGGCCTAACTAACTACTAGTCAGATTCAGACCGTCTCATGCAAAGTGACAATCCGCCGGTCTTCGTGTTCAGCACAGTCTAGCTTTCGACGTAACGTAAAGCGGTTCCTAGGAGGGTCAGCCGTTAAG
B6,T1_QS2_019_BC15,TCTCATTTTCGCCAAAAGTTGGCCATGTCATCTCTGATACACCGTCACTTCCAGTGCCCTGTAATCTATCTGTCAGTCACTCAGCACACAACCCCGGATATCAGTCACAAGGTCCACTCCCCTCGTCACTATACCAAAAAGCGAACCAGGGATTACTGTGGTCAGTCAGGAGCTTCGGGCCTAACTAACTACTAGTCAGGTCTACCTCGCTAACACCACTGTGACAATCCGCCGGTCTTCGTGTTCAGCACAGTCTAGCTTTCGACGTAACGTAAAGCGGTTCCTAGGAGGGTCAGCCGTTAAG
B7,T1_QS2_004_BC86,TCTCATTTTCGCCAAAAGTTGGCCATGTCAGTGGTCACTTACGTACTCTTTCGGTGCCCTGTAATCTATCTGTCAGTCAAGATACCCAACTCACTCGTTGTCTCCAGGGAGGTCCACTCCCCTCGTCACTATACCAAACAAGCGTGTGCGATAAGCCAGTCAGTCAGGAGCTTCGGGCCTAACTAACTACTAGTCAGGTGATCCCAACAAGCGTAAGTATGACAATCCGCCGGTCTTCGTGTTCAGCACAGTCTAGCTTTCGACGTAACGTAAAGCGGTTCCTAGGAGGGTCAGCCGTTAAG
B8,T1_QS2_018_BC44,TCTCATTTTCGCCAAAAGTTGGCCATGTCATACTACCACTTGCCCGATATCGGTGCCCTGTAATCTATCTGTCAGTCAACCACAGTTAGGTTCGAGCTCCCACTGTAGAGGTCCACTCCCCTCGTCACTATACCAAGTTGTCAGTGAATCCGCTAGCGTCAGTCAGGAGCTTCGGGCCTAACTAACTACTAGTCAGTAGAAAGGGTTCCTTCCCACTCTGACAATCCGCCGGTCTTCGTGTTCAGCACAGTCTAGCTTTCGACGTAACGTAAAGCGGTTCCTAGGAGGGTCAGCCGTTAAG
B9,T1_QS2_010_BC93,TCTCATTTTCGCCAAAAGTTGGCCATGTCAGCAGTGCTTTGACCGTGAGTAGTGCCCTGTAATCTATCTGTCAGTCAAAACCCGAGAGTCCCCTAGTAGGTTCGAACAGGTCCACTCCCCTCGTCACTATACCAACTTGTTTCGTGCAGAGAGACCGTCAGTCAGGAGCTTCGGGCCTAACTAACTACTAGTCAGTTTCCATCACTTCAGACTTGGGTGACAATCCGCCGGTCTTCGTGTTCAGCACAGTCTAGCTTTCGACGTAACGTAAAGCGGTTCCTAGGAGGGTCAGCCGTTAAG
B10,T1_QS2_004_BC76,TCTCATTTTCGCCAAAAGTTGGCCATGTCAGTGGTCACTTACGTACTCTTTCGGTGCCCTGTAATCTATCTGTCAGTCAAGATACCCAACTCACTCGTTGTCTCCAGGGAGGTCCACTCCCCTCGTCACTATACCAAACAAGCGTGTGCGATAAGCCAGTCAGTCAGGAGCTTCGGGCCTAACTAACTACTAGTCATGCTTGTTACATCAACCCTGGACTGACAATCCGCCGGTCTTCGTGTTCAGCACAGTCTAGCTTTCGACGTAACGTAAAGCGGTTCCTAGGAGGGTCAGCCGTTAAG
B11,T1_QS2_019_BC50,TCTCATTTTCGCCAAAAGTTGGCCATGTCATCTCTGATACACCGTCACTTCCAGTGCCCTGTAATCTATCTGTCAGTCACTCAGCACACAACCCCGGATATCAGTCACAAGGTCCACTCCCCTCGTCACTATACCAAAAAGCGAACCAGGGATTACTGTGGTCAGTCAGGAGCTTCGGGCCTAACTAACTACTAGTCATGGACTTTGGTAACTTCCTGCGTTGACAATCCGCCGGTCTTCGTGTTCAGCACAGTCTAGCTTTCGACGTAACGTAAAGCGGTTCCTAGGAGGGTCAGCCGTTAAG
B12,T1_QS2_004_BC36,TCTCATTTTCGCCAAAAGTTGGCCATGTCAGTGGTCACTTACGTACTCTTTCGGTGCCCTGTAATCTATCTGTCAGTCAAGATACCCAACTCACTCGTTGTCTCCAGGGAGGTCCACTCCCCTCGTCACTATACCAAACAAGCGTGTGCGATAAGCCAGTCAGTCAGGAGCTTCGGGCCTAACTAACTACTAGTCATGTCCCAGTTAGAGGAGGAAACATGACAATCCGCCGGTCTTCGTGTTCAGCACAGTCTAGCTTTCGACGTAACGTAAAGCGGTTCCTAGGAGGGTCAGCCGTTAAG
C1,T1_QS2_018_BC54,TCTCATTTTCGCCAAAAGTTGGCCATGTCATACTACCACTTGCCCGATATCGGTGCCCTGTAATCTATCTGTCAGTCAACCACAGTTAGGTTCGAGCTCCCACTGTAGAGGTCCACTCCCCTCGTCACTATACCAAGTTGTCAGTGAATCCGCTAGCGTCAGTCAGGAGCTTCGGGCCTAACTAACTACTAGTCCAAGAGCTTTGACTAAGGAGCATGTGACAATCCGCCGGTCTTCGTGTTCAGCACAGTCTAGCTTTCGACGTAACGTAAAGCGGTTCCTAGGAGGGTCAGCCGTTAAG
C2,T1_QS2_007_BC62,TCTCATTTTCGCCAAAAGTTGGCCATGTCACGAGAGCCAAGGATAGTAGTCGTGCCCTGTAATCTATCTGTCAGTCACTCCCTCTAGGCTTTGTCACTTCACTCCAGAGGTCCACTCCCCTCGTCACTATACCAATTGACTCCGTTGTCCCTGAGATGTCAGTCAGGAGCTTCGGGCCTAACTAACTACTAGTCCACCCACACTTACTTCAGGACGTATGACAATCCGCCGGTCTTCGTGTTCAGCACAGTCTAGCTTTCGACGTAACGTAAAGCGGTTCCTAGGAGGGTCAGCCGTTAAG
C3,T1_QS2_010_BC33,TCTCATTTTCGCCAAAAGTTGGCCATGTCAGCAGTGCTTTGACCGTGAGTAGTGCCCTGTAATCTATCTGTCAGTCAAAACCCGAGAGTCCCCTAGTAGGTTCGAACAGGTCCACTCCCCTCGTCACTATACCAACTTGTTTCGTGCAGAGAGACCGTCAGTCAGGAGCTTCGGGCCTAACTAACTACTAGTCCAGACTTGGTACGGTTGGGTAACTTGACAATCCGCCGGTCTTCGTGTTCAGCACAGTCTAGCTTTCGACGTAACGTAAAGCGGTTCCTAGGAGGGTCAGCCGTTAAG
C4,T1_QS2_007_BC12,TCTCATTTTCGCCAAAAGTTGGCCATGTCACGAGAGCCAAGGATAGTAGTCGTGCCCTGTAATCTATCTGTCAGTCACTCCCTCTAGGCTTTGTCACTTCACTCCAGAGGTCCACTCCCCTCGTCACTATACCAATTGACTCCGTTGTCCCTGAGATGTCAGTCAGGAGCTTCGGGCCTAACTAACTACTAGTCCAGGTAGAAAGAAGCAGAATCGGATGACAATCCGCCGGTCTTCGTGTTCAGCACAGTCTAGCTTTCGACGTAACGTAAAGCGGTTCCTAGGAGGGTCAGCCGTTAAG
C5,T1_QS2_010_BC58,TCTCATTTTCGCCAAAAGTTGGCCATGTCAGCAGTGCTTTGACCGTGAGTAGTGCCCTGTAATCTATCTGTCAGTCAAAACCCGAGAGTCCCCTAGTAGGTTCGAACAGGTCCACTCCCCTCGTCACTATACCAACTTGTTTCGTGCAGAGAGACCGTCAGTCAGGAGCTTCGGGCCTAACTAACTACTAGTCCAGGTTACTCCTCCGTGAGTCTGATGACAATCCGCCGGTCTTCGTGTTCAGCACAGTCTAGCTTTCGACGTAACGTAAAGCGGTTCCTAGGAGGGTCAGCCGTTAAG
C6,T1_QS2_004_BC26,TCTCATTTTCGCCAAAAGTTGGCCATGTCAGTGGTCACTTACGTACTCTTTCGGTGCCCTGTAATCTATCTGTCAGTCAAGATACCCAACTCACTCGTTGTCTCCAGGGAGGTCCACTCCCCTCGTCACTATACCAAACAAGCGTGTGCGATAAGCCAGTCAGTCAGGAGCTTCGGGCCTAACTAACTACTAGTCCATACAGCGACTACGCATTCTCATTGACAATCCGCCGGTCTTCGTGTTCAGCACAGTCTAGCTTTCGACGTAACGTAAAGCGGTTCCTAGGAGGGTCAGCCGTTAAG
C7,T1_QS2_010_BC48,TCTCATTTTCGCCAAAAGTTGGCCATGTCAGCAGTGCTTTGACCGTGAGTAGTGCCCTGTAATCTATCTGTCAGTCAAAACCCGAGAGTCCCCTAGTAGGTTCGAACAGGTCCACTCCCCTCGTCACTATACCAACTTGTTTCGTGCAGAGAGACCGTCAGTCAGGAGCTTCGGGCCTAACTAACTACTAGTCCATCTGGAACGTGGTACACCTGTATGACAATCCGCCGGTCTTCGTGTTCAGCACAGTCTAGCTTTCGACGTAACGTAAAGCGGTTCCTAGGAGGGTCAGCCGTTAAG
C8,T1_QS2_019_BC60,TCTCATTTTCGCCAAAAGTTGGCCATGTCATCTCTGATACACCGTCACTTCCAGTGCCCTGTAATCTATCTGTCAGTCACTCAGCACACAACCCCGGATATCAGTCACAAGGTCCACTCCCCTCGTCACTATACCAAAAAGCGAACCAGGGATTACTGTGGTCAGTCAGGAGCTTCGGGCCTAACTAACTACTAGTCCATGTTCAACCAAGGCTTCTATGGTGACAATCCGCCGGTCTTCGTGTTCAGCACAGTCTAGCTTTCGACGTAACGTAAAGCGGTTCCTAGGAGGGTCAGCCGTTAAG
C9,T1_QS2_010_BC18,TCTCATTTTCGCCAAAAGTTGGCCATGTCAGCAGTGCTTTGACCGTGAGTAGTGCCCTGTAATCTATCTGTCAGTCAAAACCCGAGAGTCCCCTAGTAGGTTCGAACAGGTCCACTCCCCTCGTCACTATACCAACTTGTTTCGTGCAGAGAGACCGTCAGTCAGGAGCTTCGGGCCTAACTAACTACTAGTCCCAAACCCAACAACCTAGATAGGCTGACAATCCGCCGGTCTTCGTGTTCAGCACAGTCTAGCTTTCGACGTAACGTAAAGCGGTTCCTAGGAGGGTCAGCCGTTAAG
C10,T1_QS2_018_BC39,TCTCATTTTCGCCAAAAGTTGGCCATGTCATACTACCACTTGCCCGATATCGGTGCCCTGTAATCTATCTGTCAGTCAACCACAGTTAGGTTCGAGCTCCCACTGTAGAGGTCCACTCCCCTCGTCACTATACCAAGTTGTCAGTGAATCCGCTAGCGTCAGTCAGGAGCTTCGGGCCTAACTAACTACTAGTCCCACAGTGTCAACTAGAGCCTCTCTGACAATCCGCCGGTCTTCGTGTTCAGCACAGTCTAGCTTTCGACGTAACGTAAAGCGGTTCCTAGGAGGGTCAGCCGTTAAG
C11,T1_QS2_007_BC32,TCTCATTTTCGCCAAAAGTTGGCCATGTCACGAGAGCCAAGGATAGTAGTCGTGCCCTGTAATCTATCTGTCAGTCACTCCCTCTAGGCTTTGTCACTTCACTCCAGAGGTCCACTCCCCTCGTCACTATACCAATTGACTCCGTTGTCCCTGAGATGTCAGTCAGGAGCTTCGGGCCTAACTAACTACTAGTCCCAGTAGAAGTCCGACAACGTCATTGACAATCCGCCGGTCTTCGTGTTCAGCACAGTCTAGCTTTCGACGTAACGTAAAGCGGTTCCTAGGAGGGTCAGCCGTTAAG
C12,T1_QS2_004_BC66,TCTCATTTTCGCCAAAAGTTGGCCATGTCAGTGGTCACTTACGTACTCTTTCGGTGCCCTGTAATCTATCTGTCAGTCAAGATACCCAACTCACTCGTTGTCTCCAGGGAGGTCCACTCCCCTCGTCACTATACCAAACAAGCGTGTGCGATAAGCCAGTCAGTCAGGAGCTTCGGGCCTAACTAACTACTAGTCCCGATCCTTGTGGCTTCTAACTTCTGACAATCCGCCGGTCTTCGTGTTCAGCACAGTCTAGCTTTCGACGTAACGTAAAGCGGTTCCTAGGAGGGTCAGCCGTTAAG
D1,T1_QS2_004_BC81,TCTCATTTTCGCCAAAAGTTGGCCATGTCAGTGGTCACTTACGTACTCTTTCGGTGCCCTGTAATCTATCTGTCAGTCAAGATACCCAACTCACTCGTTGTCTCCAGGGAGGTCCACTCCCCTCGTCACTATACCAAACAAGCGTGTGCGATAAGCCAGTCAGTCAGGAGCTTCGGGCCTAACTAACTACTAGTCCCTCATCTTGTGAAGTTGTTTCGGTGACAATCCGCCGGTCTTCGTGTTCAGCACAGTCTAGCTTTCGACGTAACGTAAAGCGGTTCCTAGGAGGGTCAGCCGTTAAG
D2,T1_QS2_004_BC71,TCTCATTTTCGCCAAAAGTTGGCCATGTCAGTGGTCACTTACGTACTCTTTCGGTGCCCTGTAATCTATCTGTCAGTCAAGATACCCAACTCACTCGTTGTCTCCAGGGAGGTCCACTCCCCTCGTCACTATACCAAACAAGCGTGTGCGATAAGCCAGTCAGTCAGGAGCTTCGGGCCTAACTAACTACTAGTCCCTGGGAGCATCAGGTAGTAACAGTGACAATCCGCCGGTCTTCGTGTTCAGCACAGTCTAGCTTTCGACGTAACGTAAAGCGGTTCCTAGGAGGGTCAGCCGTTAAG
D3,T1_QS2_019_BC95,TCTCATTTTCGCCAAAAGTTGGCCATGTCATCTCTGATACACCGTCACTTCCAGTGCCCTGTAATCTATCTGTCAGTCACTCAGCACACAACCCCGGATATCAGTCACAAGGTCCACTCCCCTCGTCACTATACCAAAAAGCGAACCAGGGATTACTGTGGTCAGTCAGGAGCTTCGGGCCTAACTAACTACTAGTCCCTGTCTGGAAGAAGAATGGACTTTGACAATCCGCCGGTCTTCGTGTTCAGCACAGTCTAGCTTTCGACGTAACGTAAAGCGGTTCCTAGGAGGGTCAGCCGTTAAG
D4,T1_QS2_007_BC77,TCTCATTTTCGCCAAAAGTTGGCCATGTCACGAGAGCCAAGGATAGTAGTCGTGCCCTGTAATCTATCTGTCAGTCACTCCCTCTAGGCTTTGTCACTTCACTCCAGAGGTCCACTCCCCTCGTCACTATACCAATTGACTCCGTTGTCCCTGAGATGTCAGTCAGGAGCTTCGGGCCTAACTAACTACTAGTCCGACCTGTTTCTCAGGGATACAACTGACAATCCGCCGGTCTTCGTGTTCAGCACAGTCTAGCTTTCGACGTAACGTAAAGCGGTTCCTAGGAGGGTCAGCCGTTAAG
D5,T1_QS2_007_BC27,TCTCATTTTCGCCAAAAGTTGGCCATGTCACGAGAGCCAAGGATAGTAGTCGTGCCCTGTAATCTATCTGTCAGTCACTCCCTCTAGGCTTTGTCACTTCACTCCAGAGGTCCACTCCCCTCGTCACTATACCAATTGACTCCGTTGTCCCTGAGATGTCAGTCAGGAGCTTCGGGCCTAACTAACTACTAGTCCGACGGTTAGATTCACCTCTTACATGACAATCCGCCGGTCTTCGTGTTCAGCACAGTCTAGCTTTCGACGTAACGTAAAGCGGTTCCTAGGAGGGTCAGCCGTTAAG
D6,T1_QS2_019_BC80,TCTCATTTTCGCCAAAAGTTGGCCATGTCATCTCTGATACACCGTCACTTCCAGTGCCCTGTAATCTATCTGTCAGTCACTCAGCACACAACCCCGGATATCAGTCACAAGGTCCACTCCCCTCGTCACTATACCAAAAAGCGAACCAGGGATTACTGTGGTCAGTCAGGAGCTTCGGGCCTAACTAACTACTAGTCCGGATGAACATAGGATAGCGATTCTGACAATCCGCCGGTCTTCGTGTTCAGCACAGTCTAGCTTTCGACGTAACGTAAAGCGGTTCCTAGGAGGGTCAGCCGTTAAG
D7,T1_QS2_004_BC16,TCTCATTTTCGCCAAAAGTTGGCCATGTCAGTGGTCACTTACGTACTCTTTCGGTGCCCTGTAATCTATCTGTCAGTCAAGATACCCAACTCACTCGTTGTCTCCAGGGAGGTCCACTCCCCTCGTCACTATACCAAACAAGCGTGTGCGATAAGCCAGTCAGTCAGGAGCTTCGGGCCTAACTAACTACTAGTCCGTCAACTGACAGTGGTTCGTACTTGACAATCCGCCGGTCTTCGTGTTCAGCACAGTCTAGCTTTCGACGTAACGTAAAGCGGTTCCTAGGAGGGTCAGCCGTTAAG
D8,T1_QS2_007_BC42,TCTCATTTTCGCCAAAAGTTGGCCATGTCACGAGAGCCAAGGATAGTAGTCGTGCCCTGTAATCTATCTGTCAGTCACTCCCTCTAGGCTTTGTCACTTCACTCCAGAGGTCCACTCCCCTCGTCACTATACCAATTGACTCCGTTGTCCCTGAGATGTCAGTCAGGAGCTTCGGGCCTAACTAACTACTAGTCCTACGTGTAAGGCATACCTGCCAGTGACAATCCGCCGGTCTTCGTGTTCAGCACAGTCTAGCTTTCGACGTAACGTAAAGCGGTTCCTAGGAGGGTCAGCCGTTAAG
D9,T1_QS2_019_BC35,TCTCATTTTCGCCAAAAGTTGGCCATGTCATCTCTGATACACCGTCACTTCCAGTGCCCTGTAATCTATCTGTCAGTCACTCAGCACACAACCCCGGATATCAGTCACAAGGTCCACTCCCCTCGTCACTATACCAAAAAGCGAACCAGGGATTACTGTGGTCAGTCAGGAGCTTCGGGCCTAACTAACTACTAGTCCTACTTACGAAGCTGAGGGACTGCTGACAATCCGCCGGTCTTCGTGTTCAGCACAGTCTAGCTTTCGACGTAACGTAAAGCGGTTCCTAGGAGGGTCAGCCGTTAAG
D10,T1_QS2_018_BC29,TCTCATTTTCGCCAAAAGTTGGCCATGTCATACTACCACTTGCCCGATATCGGTGCCCTGTAATCTATCTGTCAGTCAACCACAGTTAGGTTCGAGCTCCCACTGTAGAGGTCCACTCCCCTCGTCACTATACCAAGTTGTCAGTGAATCCGCTAGCGTCAGTCAGGAGCTTCGGGCCTAACTAACTACTAGTCCTAGACACCTTGGGTTGACAGACCTGACAATCCGCCGGTCTTCGTGTTCAGCACAGTCTAGCTTTCGACGTAACGTAAAGCGGTTCCTAGGAGGGTCAGCCGTTAAG
D11,T1_QS2_004_BC96,TCTCATTTTCGCCAAAAGTTGGCCATGTCAGTGGTCACTTACGTACTCTTTCGGTGCCCTGTAATCTATCTGTCAGTCAAGATACCCAACTCACTCGTTGTCTCCAGGGAGGTCCACTCCCCTCGTCACTATACCAAACAAGCGTGTGCGATAAGCCAGTCAGTCAGGAGCTTCGGGCCTAACTAACTACTAGTCCTGAACGGTCATAGAGTCCACCATTGACAATCCGCCGGTCTTCGTGTTCAGCACAGTCTAGCTTTCGACGTAACGTAAAGCGGTTCCTAGGAGGGTCAGCCGTTAAG
D12,T1_QS2_010_BC23,TCTCATTTTCGCCAAAAGTTGGCCATGTCAGCAGTGCTTTGACCGTGAGTAGTGCCCTGTAATCTATCTGTCAGTCAAAACCCGAGAGTCCCCTAGTAGGTTCGAACAGGTCCACTCCCCTCGTCACTATACCAACTTGTTTCGTGCAGAGAGACCGTCAGTCAGGAGCTTCGGGCCTAACTAACTACTAGTCCTTACTACCCAGTGAACCTCCTCGTGACAATCCGCCGGTCTTCGTGTTCAGCACAGTCTAGCTTTCGACGTAACGTAAAGCGGTTCCTAGGAGGGTCAGCCGTTAAG
E1,T1_QS2_019_BC05,TCTCATTTTCGCCAAAAGTTGGCCATGTCATCTCTGATACACCGTCACTTCCAGTGCCCTGTAATCTATCTGTCAGTCACTCAGCACACAACCCCGGATATCAGTCACAAGGTCCACTCCCCTCGTCACTATACCAAAAAGCGAACCAGGGATTACTGTGGTCAGTCAGGAGCTTCGGGCCTAACTAACTACTAGTCCTTGTCCAGGGTTTGTGTAACCTTTGACAATCCGCCGGTCTTCGTGTTCAGCACAGTCTAGCTTTCGACGTAACGTAAAGCGGTTCCTAGGAGGGTCAGCCGTTAAG
E2,T1_QS2_010_BC43,TCTCATTTTCGCCAAAAGTTGGCCATGTCAGCAGTGCTTTGACCGTGAGTAGTGCCCTGTAATCTATCTGTCAGTCAAAACCCGAGAGTCCCCTAGTAGGTTCGAACAGGTCCACTCCCCTCGTCACTATACCAACTTGTTTCGTGCAGAGAGACCGTCAGTCAGGAGCTTCGGGCCTAACTAACTACTAGTCCTTTCGTTGTTGACTCGACGGTAGTGACAATCCGCCGGTCTTCGTGTTCAGCACAGTCTAGCTTTCGACGTAACGTAAAGCGGTTCCTAGGAGGGTCAGCCGTTAAG
E3,T1_QS2_010_BC68,TCTCATTTTCGCCAAAAGTTGGCCATGTCAGCAGTGCTTTGACCGTGAGTAGTGCCCTGTAATCTATCTGTCAGTCAAAACCCGAGAGTCCCCTAGTAGGTTCGAACAGGTCCACTCCCCTCGTCACTATACCAACTTGTTTCGTGCAGAGAGACCGTCAGTCAGGAGCTTCGGGCCTAACTAACTACTAGTCGAATCTAAGCAAACACGAAGGTGGTGACAATCCGCCGGTCTTCGTGTTCAGCACAGTCTAGCTTTCGACGTAACGTAAAGCGGTTCCTAGGAGGGTCAGCCGTTAAG
E4,T1_QS2_018_BC64,TCTCATTTTCGCCAAAAGTTGGCCATGTCATACTACCACTTGCCCGATATCGGTGCCCTGTAATCTATCTGTCAGTCAACCACAGTTAGGTTCGAGCTCCCACTGTAGAGGTCCACTCCCCTCGTCACTATACCAAGTTGTCAGTGAATCCGCTAGCGTCAGTCAGGAGCTTCGGGCCTAACTAACTACTAGTCGACAGACACCGTTCATCGACTTTCTGACAATCCGCCGGTCTTCGTGTTCAGCACAGTCTAGCTTTCGACGTAACGTAAAGCGGTTCCTAGGAGGGTCAGCCGTTAAG
E5,T1_QS2_019_BC75,TCTCATTTTCGCCAAAAGTTGGCCATGTCATCTCTGATACACCGTCACTTCCAGTGCCCTGTAATCTATCTGTCAGTCACTCAGCACACAACCCCGGATATCAGTCACAAGGTCCACTCCCCTCGTCACTATACCAAAAAGCGAACCAGGGATTACTGTGGTCAGTCAGGAGCTTCGGGCCTAACTAACTACTAGTCGACCATTGTGATGAACCCTGTTGTTGACAATCCGCCGGTCTTCGTGTTCAGCACAGTCTAGCTTTCGACGTAACGTAAAGCGGTTCCTAGGAGGGTCAGCCGTTAAG
E6,T1_QS2_004_BC21,TCTCATTTTCGCCAAAAGTTGGCCATGTCAGTGGTCACTTACGTACTCTTTCGGTGCCCTGTAATCTATCTGTCAGTCAAGATACCCAACTCACTCGTTGTCTCCAGGGAGGTCCACTCCCCTCGTCACTATACCAAACAAGCGTGTGCGATAAGCCAGTCAGTCAGGAGCTTCGGGCCTAACTAACTACTAGTCGAGCCTCTCATTGTCCGTTCTCTATGACAATCCGCCGGTCTTCGTGTTCAGCACAGTCTAGCTTTCGACGTAACGTAAAGCGGTTCCTAGGAGGGTCAGCCGTTAAG
E7,T1_QS2_010_BC03,TCTCATTTTCGCCAAAAGTTGGCCATGTCAGCAGTGCTTTGACCGTGAGTAGTGCCCTGTAATCTATCTGTCAGTCAAAACCCGAGAGTCCCCTAGTAGGTTCGAACAGGTCCACTCCCCTCGTCACTATACCAACTTGTTTCGTGCAGAGAGACCGTCAGTCAGGAGCTTCGGGCCTAACTAACTACTAGTCGAGTCTTGTGTCCCAGTTACCAGGTGACAATCCGCCGGTCTTCGTGTTCAGCACAGTCTAGCTTTCGACGTAACGTAAAGCGGTTCCTAGGAGGGTCAGCCGTTAAG
E8,T1_QS2_019_BC45,TCTCATTTTCGCCAAAAGTTGGCCATGTCATCTCTGATACACCGTCACTTCCAGTGCCCTGTAATCTATCTGTCAGTCACTCAGCACACAACCCCGGATATCAGTCACAAGGTCCACTCCCCTCGTCACTATACCAAAAAGCGAACCAGGGATTACTGTGGTCAGTCAGGAGCTTCGGGCCTAACTAACTACTAGTCGATCCAACAGAGATGCCTTCAGTGTGACAATCCGCCGGTCTTCGTGTTCAGCACAGTCTAGCTTTCGACGTAACGTAAAGCGGTTCCTAGGAGGGTCAGCCGTTAAG
E9,T1_QS2_019_BC90,TCTCATTTTCGCCAAAAGTTGGCCATGTCATCTCTGATACACCGTCACTTCCAGTGCCCTGTAATCTATCTGTCAGTCACTCAGCACACAACCCCGGATATCAGTCACAAGGTCCACTCCCCTCGTCACTATACCAAAAAGCGAACCAGGGATTACTGTGGTCAGTCAGGAGCTTCGGGCCTAACTAACTACTAGTCGATGTAGAGGGTACGGTTTGAGGCTGACAATCCGCCGGTCTTCGTGTTCAGCACAGTCTAGCTTTCGACGTAACGTAAAGCGGTTCCTAGGAGGGTCAGCCGTTAAG
E10,T1_QS2_018_BC94,TCTCATTTTCGCCAAAAGTTGGCCATGTCATACTACCACTTGCCCGATATCGGTGCCCTGTAATCTATCTGTCAGTCAACCACAGTTAGGTTCGAGCTCCCACTGTAGAGGTCCACTCCCCTCGTCACTATACCAAGTTGTCAGTGAATCCGCTAGCGTCAGTCAGGAGCTTCGGGCCTAACTAACTACTAGTCGATTGTCCTCAAACTGCCACCTACTGACAATCCGCCGGTCTTCGTGTTCAGCACAGTCTAGCTTTCGACGTAACGTAAAGCGGTTCCTAGGAGGGTCAGCCGTTAAG
E11,T1_QS2_018_BC24,TCTCATTTTCGCCAAAAGTTGGCCATGTCATACTACCACTTGCCCGATATCGGTGCCCTGTAATCTATCTGTCAGTCAACCACAGTTAGGTTCGAGCTCCCACTGTAGAGGTCCACTCCCCTCGTCACTATACCAAGTTGTCAGTGAATCCGCTAGCGTCAGTCAGGAGCTTCGGGCCTAACTAACTACTAGTCGCATAGTTCTGCATGATGGGTTAGTGACAATCCGCCGGTCTTCGTGTTCAGCACAGTCTAGCTTTCGACGTAACGTAAAGCGGTTCCTAGGAGGGTCAGCCGTTAAG
E12,T1_QS2_007_BC57,TCTCATTTTCGCCAAAAGTTGGCCATGTCACGAGAGCCAAGGATAGTAGTCGTGCCCTGTAATCTATCTGTCAGTCACTCCCTCTAGGCTTTGTCACTTCACTCCAGAGGTCCACTCCCCTCGTCACTATACCAATTGACTCCGTTGTCCCTGAGATGTCAGTCAGGAGCTTCGGGCCTAACTAACTACTAGTCGCTAGGTCAATCTCCTTCGGAAGTTGACAATCCGCCGGTCTTCGTGTTCAGCACAGTCTAGCTTTCGACGTAACGTAAAGCGGTTCCTAGGAGGGTCAGCCGTTAAG
F1,T1_QS2_004_BC46,TCTCATTTTCGCCAAAAGTTGGCCATGTCAGTGGTCACTTACGTACTCTTTCGGTGCCCTGTAATCTATCTGTCAGTCAAGATACCCAACTCACTCGTTGTCTCCAGGGAGGTCCACTCCCCTCGTCACTATACCAAACAAGCGTGTGCGATAAGCCAGTCAGTCAGGAGCTTCGGGCCTAACTAACTACTAGTCGCTGTGTTCCACTTCATTCTCCTGTGACAATCCGCCGGTCTTCGTGTTCAGCACAGTCTAGCTTTCGACGTAACGTAAAGCGGTTCCTAGGAGGGTCAGCCGTTAAG
F2,T1_QS2_007_BC37,TCTCATTTTCGCCAAAAGTTGGCCATGTCACGAGAGCCAAGGATAGTAGTCGTGCCCTGTAATCTATCTGTCAGTCACTCCCTCTAGGCTTTGTCACTTCACTCCAGAGGTCCACTCCCCTCGTCACTATACCAATTGACTCCGTTGTCCCTGAGATGTCAGTCAGGAGCTTCGGGCCTAACTAACTACTAGTCGCTTGCGATTGATGCTTAGTATCATGACAATCCGCCGGTCTTCGTGTTCAGCACAGTCTAGCTTTCGACGTAACGTAAAGCGGTTCCTAGGAGGGTCAGCCGTTAAG
F3,T1_QS2_018_BC34,TCTCATTTTCGCCAAAAGTTGGCCATGTCATACTACCACTTGCCCGATATCGGTGCCCTGTAATCTATCTGTCAGTCAACCACAGTTAGGTTCGAGCTCCCACTGTAGAGGTCCACTCCCCTCGTCACTATACCAAGTTGTCAGTGAATCCGCTAGCGTCAGTCAGGAGCTTCGGGCCTAACTAACTACTAGTCGGACGAAGAACTCAAGTCAAAGGCTGACAATCCGCCGGTCTTCGTGTTCAGCACAGTCTAGCTTTCGACGTAACGTAAAGCGGTTCCTAGGAGGGTCAGCCGTTAAG
F4,T1_QS2_004_BC41,TCTCATTTTCGCCAAAAGTTGGCCATGTCAGTGGTCACTTACGTACTCTTTCGGTGCCCTGTAATCTATCTGTCAGTCAAGATACCCAACTCACTCGTTGTCTCCAGGGAGGTCCACTCCCCTCGTCACTATACCAAACAAGCGTGTGCGATAAGCCAGTCAGTCAGGAGCTTCGGGCCTAACTAACTACTAGTCGGAGTTCGTCCAGAGAAGTACACGTGACAATCCGCCGGTCTTCGTGTTCAGCACAGTCTAGCTTTCGACGTAACGTAAAGCGGTTCCTAGGAGGGTCAGCCGTTAAG
F5,T1_QS2_004_BC91,TCTCATTTTCGCCAAAAGTTGGCCATGTCAGTGGTCACTTACGTACTCTTTCGGTGCCCTGTAATCTATCTGTCAGTCAAGATACCCAACTCACTCGTTGTCTCCAGGGAGGTCCACTCCCCTCGTCACTATACCAAACAAGCGTGTGCGATAAGCCAGTCAGTCAGGAGCTTCGGGCCTAACTAACTACTAGTCGGCTCCATAGGAACTCACGCTACTTGACAATCCGCCGGTCTTCGTGTTCAGCACAGTCTAGCTTTCGACGTAACGTAAAGCGGTTCCTAGGAGGGTCAGCCGTTAAG
F6,T1_QS2_019_BC25,TCTCATTTTCGCCAAAAGTTGGCCATGTCATCTCTGATACACCGTCACTTCCAGTGCCCTGTAATCTATCTGTCAGTCACTCAGCACACAACCCCGGATATCAGTCACAAGGTCCACTCCCCTCGTCACTATACCAAAAAGCGAACCAGGGATTACTGTGGTCAGTCAGGAGCTTCGGGCCTAACTAACTACTAGTCGTAAGTTGGGTATGCAACGCAATGTGACAATCCGCCGGTCTTCGTGTTCAGCACAGTCTAGCTTTCGACGTAACGTAAAGCGGTTCCTAGGAGGGTCAGCCGTTAAG
F7,T1_QS2_018_BC84,TCTCATTTTCGCCAAAAGTTGGCCATGTCATACTACCACTTGCCCGATATCGGTGCCCTGTAATCTATCTGTCAGTCAACCACAGTTAGGTTCGAGCTCCCACTGTAGAGGTCCACTCCCCTCGTCACTATACCAAGTTGTCAGTGAATCCGCTAGCGTCAGTCAGGAGCTTCGGGCCTAACTAACTACTAGTCGTAGTGGACCTAGAACCTGTGCCATGACAATCCGCCGGTCTTCGTGTTCAGCACAGTCTAGCTTTCGACGTAACGTAAAGCGGTTCCTAGGAGGGTCAGCCGTTAAG
F8,T1_QS2_007_BC47,TCTCATTTTCGCCAAAAGTTGGCCATGTCACGAGAGCCAAGGATAGTAGTCGTGCCCTGTAATCTATCTGTCAGTCACTCCCTCTAGGCTTTGTCACTTCACTCCAGAGGTCCACTCCCCTCGTCACTATACCAATTGACTCCGTTGTCCCTGAGATGTCAGTCAGGAGCTTCGGGCCTAACTAACTACTAGTCGTGCAACTTTCCCACAGGTAGTTCTGACAATCCGCCGGTCTTCGTGTTCAGCACAGTCTAGCTTTCGACGTAACGTAAAGCGGTTCCTAGGAGGGTCAGCCGTTAAG
F9,T1_QS2_007_BC07,TCTCATTTTCGCCAAAAGTTGGCCATGTCACGAGAGCCAAGGATAGTAGTCGTGCCCTGTAATCTATCTGTCAGTCACTCCCTCTAGGCTTTGTCACTTCACTCCAGAGGTCCACTCCCCTCGTCACTATACCAATTGACTCCGTTGTCCCTGAGATGTCAGTCAGGAGCTTCGGGCCTAACTAACTACTAGTCGTGTTACCGTGGGAATGAATCCTTTGACAATCCGCCGGTCTTCGTGTTCAGCACAGTCTAGCTTTCGACGTAACGTAAAGCGGTTCCTAGGAGGGTCAGCCGTTAAG
F10,T1_QS2_018_BC19,TCTCATTTTCGCCAAAAGTTGGCCATGTCATACTACCACTTGCCCGATATCGGTGCCCTGTAATCTATCTGTCAGTCAACCACAGTTAGGTTCGAGCTCCCACTGTAGAGGTCCACTCCCCTCGTCACTATACCAAGTTGTCAGTGAATCCGCTAGCGTCAGTCAGGAGCTTCGGGCCTAACTAACTACTAGTCGTTCCTCGTGCAGTGTCAAGAGATTGACAATCCGCCGGTCTTCGTGTTCAGCACAGTCTAGCTTTCGACGTAACGTAAAGCGGTTCCTAGGAGGGTCAGCCGTTAAG
F11,T1_QS2_004_BC51,TCTCATTTTCGCCAAAAGTTGGCCATGTCAGTGGTCACTTACGTACTCTTTCGGTGCCCTGTAATCTATCTGTCAGTCAAGATACCCAACTCACTCGTTGTCTCCAGGGAGGTCCACTCCCCTCGTCACTATACCAAACAAGCGTGTGCGATAAGCCAGTCAGTCAGGAGCTTCGGGCCTAACTAACTACTAGTCGTTGAATGAGCCTACTGGGTCCTCTGACAATCCGCCGGTCTTCGTGTTCAGCACAGTCTAGCTTTCGACGTAACGTAAAGCGGTTCCTAGGAGGGTCAGCCGTTAAG
F12,T1_QS2_004_BC11,TCTCATTTTCGCCAAAAGTTGGCCATGTCAGTGGTCACTTACGTACTCTTTCGGTGCCCTGTAATCTATCTGTCAGTCAAGATACCCAACTCACTCGTTGTCTCCAGGGAGGTCCACTCCCCTCGTCACTATACCAAACAAGCGTGTGCGATAAGCCAGTCAGTCAGGAGCTTCGGGCCTAACTAACTACTAGTCGTTTCATCTATCGGAGGGAATGGATGACAATCCGCCGGTCTTCGTGTTCAGCACAGTCTAGCTTTCGACGTAACGTAAAGCGGTTCCTAGGAGGGTCAGCCGTTAAG
G1,T1_QS2_007_BC67,TCTCATTTTCGCCAAAAGTTGGCCATGTCACGAGAGCCAAGGATAGTAGTCGTGCCCTGTAATCTATCTGTCAGTCACTCCCTCTAGGCTTTGTCACTTCACTCCAGAGGTCCACTCCCCTCGTCACTATACCAATTGACTCCGTTGTCCCTGAGATGTCAGTCAGGAGCTTCGGGCCTAACTAACTACTAGTCGTTTGTCATACTCGTGTGCTCACCTGACAATCCGCCGGTCTTCGTGTTCAGCACAGTCTAGCTTTCGACGTAACGTAAAGCGGTTCCTAGGAGGGTCAGCCGTTAAG
G2,T1_QS2_018_BC74,TCTCATTTTCGCCAAAAGTTGGCCATGTCATACTACCACTTGCCCGATATCGGTGCCCTGTAATCTATCTGTCAGTCAACCACAGTTAGGTTCGAGCTCCCACTGTAGAGGTCCACTCCCCTCGTCACTATACCAAGTTGTCAGTGAATCCGCTAGCGTCAGTCAGGAGCTTCGGGCCTAACTAACTACTAGTCTACAAGCATCCCAACACTTCCACTTGACAATCCGCCGGTCTTCGTGTTCAGCACAGTCTAGCTTTCGACGTAACGTAAAGCGGTTCCTAGGAGGGTCAGCCGTTAAG
G3,T1_QS2_018_BC69,TCTCATTTTCGCCAAAAGTTGGCCATGTCATACTACCACTTGCCCGATATCGGTGCCCTGTAATCTATCTGTCAGTCAACCACAGTTAGGTTCGAGCTCCCACTGTAGAGGTCCACTCCCCTCGTCACTATACCAAGTTGTCAGTGAATCCGCTAGCGTCAGTCAGGAGCTTCGGGCCTAACTAACTACTAGTCTACAGTCCGAGCCTCATGTGATCTTGACAATCCGCCGGTCTTCGTGTTCAGCACAGTCTAGCTTTCGACGTAACGTAAAGCGGTTCCTAGGAGGGTCAGCCGTTAAG
G4,T1_QS2_007_BC87,TCTCATTTTCGCCAAAAGTTGGCCATGTCACGAGAGCCAAGGATAGTAGTCGTGCCCTGTAATCTATCTGTCAGTCACTCCCTCTAGGCTTTGTCACTTCACTCCAGAGGTCCACTCCCCTCGTCACTATACCAATTGACTCCGTTGTCCCTGAGATGTCAGTCAGGAGCTTCGGGCCTAACTAACTACTAGTCTACATGCTCCTGTTGTTAGGGAGGTGACAATCCGCCGGTCTTCGTGTTCAGCACAGTCTAGCTTTCGACGTAACGTAAAGCGGTTCCTAGGAGGGTCAGCCGTTAAG
G5,T1_QS2_007_BC72,TCTCATTTTCGCCAAAAGTTGGCCATGTCACGAGAGCCAAGGATAGTAGTCGTGCCCTGTAATCTATCTGTCAGTCACTCCCTCTAGGCTTTGTCACTTCACTCCAGAGGTCCACTCCCCTCGTCACTATACCAATTGACTCCGTTGTCCCTGAGATGTCAGTCAGGAGCTTCGGGCCTAACTAACTACTAGTCTAGCTGACTGTCTTCCATACCGACTGACAATCCGCCGGTCTTCGTGTTCAGCACAGTCTAGCTTTCGACGTAACGTAAAGCGGTTCCTAGGAGGGTCAGCCGTTAAG
G6,T1_QS2_019_BC40,TCTCATTTTCGCCAAAAGTTGGCCATGTCATCTCTGATACACCGTCACTTCCAGTGCCCTGTAATCTATCTGTCAGTCACTCAGCACACAACCCCGGATATCAGTCACAAGGTCCACTCCCCTCGTCACTATACCAAAAAGCGAACCAGGGATTACTGTGGTCAGTCAGGAGCTTCGGGCCTAACTAACTACTAGTCTAGTTTGGATGACCAAGGATAGCCTGACAATCCGCCGGTCTTCGTGTTCAGCACAGTCTAGCTTTCGACGTAACGTAAAGCGGTTCCTAGGAGGGTCAGCCGTTAAG
G7,T1_QS2_018_BC59,TCTCATTTTCGCCAAAAGTTGGCCATGTCATACTACCACTTGCCCGATATCGGTGCCCTGTAATCTATCTGTCAGTCAACCACAGTTAGGTTCGAGCTCCCACTGTAGAGGTCCACTCCCCTCGTCACTATACCAAGTTGTCAGTGAATCCGCTAGCGTCAGTCAGGAGCTTCGGGCCTAACTAACTACTAGTCTCAATCAAGAAGGGAAAGCAAGGTTGACAATCCGCCGGTCTTCGTGTTCAGCACAGTCTAGCTTTCGACGTAACGTAAAGCGGTTCCTAGGAGGGTCAGCCGTTAAG
G8,T1_QS2_004_BC56,TCTCATTTTCGCCAAAAGTTGGCCATGTCAGTGGTCACTTACGTACTCTTTCGGTGCCCTGTAATCTATCTGTCAGTCAAGATACCCAACTCACTCGTTGTCTCCAGGGAGGTCCACTCCCCTCGTCACTATACCAAACAAGCGTGTGCGATAAGCCAGTCAGTCAGGAGCTTCGGGCCTAACTAACTACTAGTCTCACTACTCAACAGGTGGCATGAATGACAATCCGCCGGTCTTCGTGTTCAGCACAGTCTAGCTTTCGACGTAACGTAAAGCGGTTCCTAGGAGGGTCAGCCGTTAAG
G9,T1_QS2_019_BC30,TCTCATTTTCGCCAAAAGTTGGCCATGTCATCTCTGATACACCGTCACTTCCAGTGCCCTGTAATCTATCTGTCAGTCACTCAGCACACAACCCCGGATATCAGTCACAAGGTCCACTCCCCTCGTCACTATACCAAAAAGCGAACCAGGGATTACTGTGGTCAGTCAGGAGCTTCGGGCCTAACTAACTACTAGTCTCAGTGAGGATCTACTTCGACCCATGACAATCCGCCGGTCTTCGTGTTCAGCACAGTCTAGCTTTCGACGTAACGTAAAGCGGTTCCTAGGAGGGTCAGCCGTTAAG
G10,T1_QS2_007_BC02,TCTCATTTTCGCCAAAAGTTGGCCATGTCACGAGAGCCAAGGATAGTAGTCGTGCCCTGTAATCTATCTGTCAGTCACTCCCTCTAGGCTTTGTCACTTCACTCCAGAGGTCCACTCCCCTCGTCACTATACCAATTGACTCCGTTGTCCCTGAGATGTCAGTCAGGAGCTTCGGGCCTAACTAACTACTAGTCTCGATTCCGTTTGTAGTCGTCTGTTGACAATCCGCCGGTCTTCGTGTTCAGCACAGTCTAGCTTTCGACGTAACGTAAAGCGGTTCCTAGGAGGGTCAGCCGTTAAG
G11,T1_QS2_018_BC79,TCTCATTTTCGCCAAAAGTTGGCCATGTCATACTACCACTTGCCCGATATCGGTGCCCTGTAATCTATCTGTCAGTCAACCACAGTTAGGTTCGAGCTCCCACTGTAGAGGTCCACTCCCCTCGTCACTATACCAAGTTGTCAGTGAATCCGCTAGCGTCAGTCAGGAGCTTCGGGCCTAACTAACTACTAGTCTCTCGGAGATAGTTCTCACTGCTGTGACAATCCGCCGGTCTTCGTGTTCAGCACAGTCTAGCTTTCGACGTAACGTAAAGCGGTTCCTAGGAGGGTCAGCCGTTAAG
G12,T1_QS2_010_BC88,TCTCATTTTCGCCAAAAGTTGGCCATGTCAGCAGTGCTTTGACCGTGAGTAGTGCCCTGTAATCTATCTGTCAGTCAAAACCCGAGAGTCCCCTAGTAGGTTCGAACAGGTCCACTCCCCTCGTCACTATACCAACTTGTTTCGTGCAGAGAGACCGTCAGTCAGGAGCTTCGGGCCTAACTAACTACTAGTCTCTTCTACTACCGATCCGAAGCAGTGACAATCCGCCGGTCTTCGTGTTCAGCACAGTCTAGCTTTCGACGTAACGTAAAGCGGTTCCTAGGAGGGTCAGCCGTTAAG
H1,T1_QS2_010_BC28,TCTCATTTTCGCCAAAAGTTGGCCATGTCAGCAGTGCTTTGACCGTGAGTAGTGCCCTGTAATCTATCTGTCAGTCAAAACCCGAGAGTCCCCTAGTAGGTTCGAACAGGTCCACTCCCCTCGTCACTATACCAACTTGTTTCGTGCAGAGAGACCGTCAGTCAGGAGCTTCGGGCCTAACTAACTACTAGTCTGAAACCTAAGAAGGCACCGTATCTGACAATCCGCCGGTCTTCGTGTTCAGCACAGTCTAGCTTTCGACGTAACGTAAAGCGGTTCCTAGGAGGGTCAGCCGTTAAG
H2,T1_QS2_007_BC52,TCTCATTTTCGCCAAAAGTTGGCCATGTCACGAGAGCCAAGGATAGTAGTCGTGCCCTGTAATCTATCTGTCAGTCACTCCCTCTAGGCTTTGTCACTTCACTCCAGAGGTCCACTCCCCTCGTCACTATACCAATTGACTCCGTTGTCCCTGAGATGTCAGTCAGGAGCTTCGGGCCTAACTAACTACTAGTCTGAGAGACAAGATTGTTCGTGGACTGACAATCCGCCGGTCTTCGTGTTCAGCACAGTCTAGCTTTCGACGTAACGTAAAGCGGTTCCTAGGAGGGTCAGCCGTTAAG
H3,T1_QS2_004_BC31,TCTCATTTTCGCCAAAAGTTGGCCATGTCAGTGGTCACTTACGTACTCTTTCGGTGCCCTGTAATCTATCTGTCAGTCAAGATACCCAACTCACTCGTTGTCTCCAGGGAGGTCCACTCCCCTCGTCACTATACCAAACAAGCGTGTGCGATAAGCCAGTCAGTCAGGAGCTTCGGGCCTAACTAACTACTAGTCTGCGTACAGCAATCAGTTACATTGTGACAATCCGCCGGTCTTCGTGTTCAGCACAGTCTAGCTTTCGACGTAACGTAAAGCGGTTCCTAGGAGGGTCAGCCGTTAAG
H4,T1_QS2_019_BC55,TCTCATTTTCGCCAAAAGTTGGCCATGTCATCTCTGATACACCGTCACTTCCAGTGCCCTGTAATCTATCTGTCAGTCACTCAGCACACAACCCCGGATATCAGTCACAAGGTCCACTCCCCTCGTCACTATACCAAAAAGCGAACCAGGGATTACTGTGGTCAGTCAGGAGCTTCGGGCCTAACTAACTACTAGTCTGGAAGATGAGACCCTGATCTACGTGACAATCCGCCGGTCTTCGTGTTCAGCACAGTCTAGCTTTCGACGTAACGTAAAGCGGTTCCTAGGAGGGTCAGCCGTTAAG
H5,T1_QS2_010_BC83,TCTCATTTTCGCCAAAAGTTGGCCATGTCAGCAGTGCTTTGACCGTGAGTAGTGCCCTGTAATCTATCTGTCAGTCAAAACCCGAGAGTCCCCTAGTAGGTTCGAACAGGTCCACTCCCCTCGTCACTATACCAACTTGTTTCGTGCAGAGAGACCGTCAGTCAGGAGCTTCGGGCCTAACTAACTACTAGTCTGGCTTGATCTAGGTAAGGTCGAATGACAATCCGCCGGTCTTCGTGTTCAGCACAGTCTAGCTTTCGACGTAACGTAAAGCGGTTCCTAGGAGGGTCAGCCGTTAAG
H6,T1_QS2_010_BC08,TCTCATTTTCGCCAAAAGTTGGCCATGTCAGCAGTGCTTTGACCGTGAGTAGTGCCCTGTAATCTATCTGTCAGTCAAAACCCGAGAGTCCCCTAGTAGGTTCGAACAGGTCCACTCCCCTCGTCACTATACCAACTTGTTTCGTGCAGAGAGACCGTCAGTCAGGAGCTTCGGGCCTAACTAACTACTAGTCTTCAGGGAACAAACCAAGTTACGTTGACAATCCGCCGGTCTTCGTGTTCAGCACAGTCTAGCTTTCGACGTAACGTAAAGCGGTTCCTAGGAGGGTCAGCCGTTAAG
H7,T1_QS2_018_BC04,TCTCATTTTCGCCAAAAGTTGGCCATGTCATACTACCACTTGCCCGATATCGGTGCCCTGTAATCTATCTGTCAGTCAACCACAGTTAGGTTCGAGCTCCCACTGTAGAGGTCCACTCCCCTCGTCACTATACCAAGTTGTCAGTGAATCCGCTAGCGTCAGTCAGGAGCTTCGGGCCTAACTAACTACTAGTCTTCGGATTCTATCGTGTTTCCCTATGACAATCCGCCGGTCTTCGTGTTCAGCACAGTCTAGCTTTCGACGTAACGTAAAGCGGTTCCTAGGAGGGTCAGCCGTTAAG
H8,T1_QS2_019_BC65,TCTCATTTTCGCCAAAAGTTGGCCATGTCATCTCTGATACACCGTCACTTCCAGTGCCCTGTAATCTATCTGTCAGTCACTCAGCACACAACCCCGGATATCAGTCACAAGGTCCACTCCCCTCGTCACTATACCAAAAAGCGAACCAGGGATTACTGTGGTCAGTCAGGAGCTTCGGGCCTAACTAACTACTAGTCTTCTCAGTCTTCCTCCAGACAAGGTGACAATCCGCCGGTCTTCGTGTTCAGCACAGTCTAGCTTTCGACGTAACGTAAAGCGGTTCCTAGGAGGGTCAGCCGTTAAG
H9,T1_QS2_004_BC06,TCTCATTTTCGCCAAAAGTTGGCCATGTCAGTGGTCACTTACGTACTCTTTCGGTGCCCTGTAATCTATCTGTCAGTCAAGATACCCAACTCACTCGTTGTCTCCAGGGAGGTCCACTCCCCTCGTCACTATACCAAACAAGCGTGTGCGATAAGCCAGTCAGTCAGGAGCTTCGGGCCTAACTAACTACTAGTCTTCTCGCAAAGGCAGAAAGTAGTCTGACAATCCGCCGGTCTTCGTGTTCAGCACAGTCTAGCTTTCGACGTAACGTAAAGCGGTTCCTAGGAGGGTCAGCCGTTAAG
H10,T1_QS2_010_BC63,TCTCATTTTCGCCAAAAGTTGGCCATGTCAGCAGTGCTTTGACCGTGAGTAGTGCCCTGTAATCTATCTGTCAGTCAAAACCCGAGAGTCCCCTAGTAGGTTCGAACAGGTCCACTCCCCTCGTCACTATACCAACTTGTTTCGTGCAGAGAGACCGTCAGTCAGGAGCTTCGGGCCTAACTAACTACTAGTCTTCTGAAGTTCCTGGGTCTTGAACTGACAATCCGCCGGTCTTCGTGTTCAGCACAGTCTAGCTTTCGACGTAACGTAAAGCGGTTCCTAGGAGGGTCAGCCGTTAAG
H11,T1_QS2_019_BC20,TCTCATTTTCGCCAAAAGTTGGCCATGTCATCTCTGATACACCGTCACTTCCAGTGCCCTGTAATCTATCTGTCAGTCACTCAGCACACAACCCCGGATATCAGTCACAAGGTCCACTCCCCTCGTCACTATACCAAAAAGCGAACCAGGGATTACTGTGGTCAGTCAGGAGCTTCGGGCCTAACTAACTACTAGTCTTGCGTCCTGTTACGAGAACTCATTGACAATCCGCCGGTCTTCGTGTTCAGCACAGTCTAGCTTTCGACGTAACGTAAAGCGGTTCCTAGGAGGGTCAGCCGTTAAG
H12,T1_QS2_007_BC92,TCTCATTTTCGCCAAAAGTTGGCCATGTCACGAGAGCCAAGGATAGTAGTCGTGCCCTGTAATCTATCTGTCAGTCACTCCCTCTAGGCTTTGTCACTTCACTCCAGAGGTCCACTCCCCTCGTCACTATACCAATTGACTCCGTTGTCCCTGAGATGTCAGTCAGGAGCTTCGGGCCTAACTAACTACTAGTCTTGTGAGTGGAAAGATACAGGACCTGACAATCCGCCGGTCTTCGTGTTCAGCACAGTCTAGCTTTCGACGTAACGTAAAGCGGTTCCTAGGAGGGTCAGCCGTTAAG
